transaction_id,customer_id,amount,transaction_type,transaction_time,account_age,location,merchant_category,device_type,previous_transactions,previous_fraud_count,transaction_frequency,failed_transactions,is_fraud
TXN-100001,CUST-1328,272.9,Online Checkout,2026-09-05 09:08:47,14,"Berlin, DE",Restaurants,Known Mobile (iOS),54,0,0.84,0,0
TXN-100002,CUST-1367,5380.62,Wire Transfer,2026-09-23 09:37:17,104,"Tokyo, JP",Utilities & Bills,Known Mobile (iOS),54,0,1.33,2,0
TXN-100003,CUST-1050,3898.43,POS Swipe,2026-09-14 15:51:02,94,"Toronto, CA",Electronics,New Unrecognized Device,10,0,6.65,0,0
TXN-100004,CUST-1024,10676.39,Wire Transfer,2026-09-07 23:54:14,111,"New York, US",Crypto & Gambling,Known Mobile (Android),46,0,2.91,0,0
TXN-100005,CUST-1274,335.93,ATM Withdrawal,2026-08-21 13:17:59,82,"Berlin, DE",Jewelry & Luxury,Known Mobile (iOS),7,0,0.35,0,0
TXN-100006,CUST-1291,195.65,Mobile Banking,2026-09-10 09:31:25,114,"Moscow, RU",Grocery & Supermarket,Known Mobile (iOS),31,0,4.36,0,0
TXN-100007,CUST-1186,2186.02,Online Checkout,2026-08-18 14:05:48,7,"Tokyo, JP",Jewelry & Luxury,Known Mobile (iOS),54,0,3.14,0,0
TXN-100008,CUST-1284,326.33,Mobile Banking,2026-08-02 17:07:43,114,"Toronto, CA",Crypto & Gambling,Known Mobile (Android),14,0,1.35,0,0
TXN-100009,CUST-1257,645.82,ATM Withdrawal,2026-10-04 21:55:40,39,"Tokyo, JP",Grocery & Supermarket,Known Mobile (iOS),47,0,4.36,0,1
TXN-100010,CUST-1166,3458.62,POS Swipe,2026-08-15 21:56:53,104,"London, UK",Electronics,New Unrecognized Device,10,0,3.94,0,0
TXN-100011,CUST-1066,5914.6,Wire Transfer,2026-08-22 09:55:38,55,High-Risk IP Proxy,Department Store,Known Desktop (Chrome),25,0,3.25,0,1
TXN-100012,CUST-1232,1587.36,Online Checkout,2026-08-29 06:01:37,71,"New York, US",Jewelry & Luxury,Known Mobile (iOS),80,0,0.63,0,0
TXN-100013,CUST-1143,6641.89,Wire Transfer,2026-08-28 14:46:59,113,"Toronto, CA",Grocery & Supermarket,Known Desktop (Chrome),52,0,0.87,0,0
TXN-100014,CUST-1374,394.15,Online Checkout,2026-08-13 05:46:21,103,"Tokyo, JP",Crypto & Gambling,Known Mobile (iOS),57,0,1.55,0,0
TXN-100015,CUST-1282,178.74,Online Checkout,2026-08-02 22:59:48,109,"New York, US",Grocery & Supermarket,Known Mobile (Android),51,0,1.4,0,0
TXN-100016,CUST-1233,241.35,Online Checkout,2026-10-02 08:18:13,8,"Toronto, CA",Travel & Airlines,Known Desktop (Chrome),7,0,3.87,1,0
TXN-100017,CUST-1261,3009.57,Online Checkout,2026-08-24 06:04:43,111,"New York, US",Electronics,New Unrecognized Device,31,0,0.41,0,0
TXN-100018,CUST-1162,281.42,Mobile Banking,2026-08-27 17:20:15,34,"London, UK",Utilities & Bills,Known Mobile (iOS),40,0,7.49,0,0
TXN-100019,CUST-1052,442.81,Online Checkout,2026-08-28 14:08:59,45,"Lagos, NG",Restaurants,Known Mobile (Android),20,0,4.39,0,0
TXN-100020,CUST-1271,95.6,Online Checkout,2026-09-08 21:06:56,18,"London, UK",Restaurants,Known Desktop (Chrome),19,0,4.88,0,0
TXN-100021,CUST-1136,334.85,POS Swipe,2026-09-02 21:54:03,12,"Berlin, DE",Restaurants,Known Mobile (iOS),42,0,5.13,0,0
TXN-100022,CUST-1219,13535.23,Wire Transfer,2026-08-15 06:56:44,116,"New York, US",Electronics,Known Mobile (Android),70,0,1.11,0,0
TXN-100023,CUST-1184,360.95,Online Checkout,2026-09-01 17:22:49,72,"Lagos, NG",Grocery & Supermarket,Known Mobile (Android),19,0,1.97,0,0
TXN-100024,CUST-1212,93.81,Online Checkout,2026-09-12 19:26:51,86,"Tokyo, JP",Restaurants,Known Mobile (iOS),13,0,0.41,0,0
TXN-100025,CUST-1180,380.43,POS Swipe,2026-08-30 09:42:12,52,"London, UK",Restaurants,Rooted/Jailbroken Phone,35,0,4.12,0,0
TXN-100026,CUST-1015,261.58,Online Checkout,2026-09-03 08:16:02,14,"Toronto, CA",Grocery & Supermarket,Known Desktop (Chrome),55,0,4.14,0,0
TXN-100027,CUST-1363,315.26,POS Swipe,2026-08-26 11:04:42,118,"London, UK",Grocery & Supermarket,Known Desktop (Chrome),38,0,5.37,0,0
TXN-100028,CUST-1099,296.34,POS Swipe,2026-09-18 17:57:11,79,"Toronto, CA",Grocery & Supermarket,Known Desktop (Chrome),38,0,3.5,0,0
TXN-100029,CUST-1227,10255.54,Wire Transfer,2026-10-05 13:57:50,95,"New York, US",Electronics,Known Mobile (Android),79,0,6.57,0,1
TXN-100030,CUST-1013,7.47,Online Checkout,2026-09-30 16:49:04,59,"London, UK",Travel & Airlines,Known Mobile (iOS),49,0,2.03,0,0
TXN-100031,CUST-1395,444.61,Mobile Banking,2026-09-24 09:51:44,67,"Toronto, CA",Travel & Airlines,New Unrecognized Device,15,0,6.43,0,0
TXN-100032,CUST-1387,351.07,Mobile Banking,2026-10-04 12:58:35,58,"Lagos, NG",Utilities & Bills,Known Mobile (Android),33,0,6.73,0,0
TXN-100033,CUST-1226,2510.36,Online Checkout,2026-09-06 09:21:20,115,"Toronto, CA",Electronics,Known Mobile (iOS),19,0,0.61,0,0
TXN-100034,CUST-1106,401.78,Mobile Banking,2026-09-19 21:37:44,3,"Tokyo, JP",Utilities & Bills,Known Mobile (Android),0,0,2.46,0,0
TXN-100035,CUST-1276,1177.25,ATM Withdrawal,2026-08-29 13:17:27,63,"New York, US",Grocery & Supermarket,Known Desktop (Chrome),51,0,6.74,1,0
TXN-100036,CUST-1202,4534.72,Wire Transfer,2026-08-04 06:27:08,111,"Toronto, CA",Electronics,Known Mobile (Android),27,0,2.77,1,0
TXN-100037,CUST-1216,14.07,Online Checkout,2026-08-11 13:47:34,7,Domestic Domestic,Grocery & Supermarket,Known Desktop (Chrome),5,0,7.6,0,0
TXN-100038,CUST-1065,262.51,POS Swipe,2026-08-15 15:13:29,90,"London, UK",Grocery & Supermarket,Known Mobile (Android),14,0,1.39,0,0
TXN-100039,CUST-1295,14765.74,Wire Transfer,2026-09-18 12:45:12,10,"Toronto, CA",Restaurants,Known Mobile (iOS),38,0,4.84,0,0
TXN-100040,CUST-1220,6814.56,Wire Transfer,2026-08-09 14:21:00,109,"London, UK",Grocery & Supermarket,Known Mobile (Android),46,0,6.65,0,0
TXN-100041,CUST-1139,8762.82,Wire Transfer,2026-10-01 13:52:46,76,"London, UK",Restaurants,Known Desktop (Chrome),11,0,3.66,0,0
TXN-100042,CUST-1254,112.4,Mobile Banking,2026-08-24 13:22:51,34,"London, UK",Restaurants,Known Desktop (Chrome),35,0,4.18,0,0
TXN-100043,CUST-1285,646.49,ATM Withdrawal,2026-09-30 16:31:28,102,"New York, US",Grocery & Supermarket,Known Mobile (Android),31,0,4.69,0,0
TXN-100044,CUST-1382,11209.77,Wire Transfer,2026-09-15 17:17:19,33,"New York, US",Utilities & Bills,Known Mobile (iOS),68,1,5.55,0,1
TXN-100045,CUST-1302,4735.98,Crypto Exchange,2026-09-06 23:53:12,38,"New York, US",Jewelry & Luxury,Known Mobile (iOS),68,0,0.46,0,0
TXN-100046,CUST-1386,261.77,POS Swipe,2026-08-02 15:30:30,57,"London, UK",Department Store,Known Mobile (iOS),61,0,0.62,0,0
TXN-100047,CUST-1078,137.32,Online Checkout,2026-09-08 06:15:07,72,"Sydney, AU",Travel & Airlines,Known Desktop (Chrome),28,0,3.1,1,0
TXN-100048,CUST-1220,1927.05,POS Swipe,2026-08-08 16:47:06,98,"New York, US",Jewelry & Luxury,Known Desktop (Chrome),20,0,4.46,0,0
TXN-100049,CUST-1241,56.08,Online Checkout,2026-08-30 10:18:44,111,"Toronto, CA",Utilities & Bills,New Unrecognized Device,80,0,6.45,0,0
TXN-100050,CUST-1077,424.49,Mobile Banking,2026-08-19 06:10:50,40,"Toronto, CA",Restaurants,New Unrecognized Device,56,0,5.54,0,0
TXN-100051,CUST-1253,3723.18,POS Swipe,2026-08-06 20:47:20,78,"London, UK",Electronics,Rooted/Jailbroken Phone,73,0,0.26,0,0
TXN-100052,CUST-1090,76.57,POS Swipe,2026-09-26 21:11:37,56,"Berlin, DE",Grocery & Supermarket,Known Mobile (iOS),44,0,2.64,0,0
TXN-100053,CUST-1254,391.87,Online Checkout,2026-09-21 19:35:02,59,"New York, US",Crypto & Gambling,Known Mobile (iOS),51,0,6.62,0,0
TXN-100054,CUST-1028,4383.19,Online Checkout,2026-09-16 16:31:40,57,"Sydney, AU",Jewelry & Luxury,Known Mobile (Android),36,0,5.62,0,1
TXN-100055,CUST-1123,364.4,ATM Withdrawal,2026-09-09 14:35:26,12,"New York, US",Restaurants,Known Mobile (iOS),15,0,1.32,2,0
TXN-100056,CUST-1213,189.65,Mobile Banking,2026-09-30 09:35:09,50,"New York, US",Travel & Airlines,Known Desktop (Chrome),17,0,2.28,0,0
TXN-100057,CUST-1260,246.83,Online Checkout,2026-08-01 10:19:53,76,"Toronto, CA",Utilities & Bills,New Unrecognized Device,57,0,2.83,0,0
TXN-100058,CUST-1165,441.46,Mobile Banking,2026-08-31 15:14:54,100,"London, UK",Grocery & Supermarket,Known Mobile (Android),48,0,5.34,1,0
TXN-100059,CUST-1019,213.92,Online Checkout,2026-09-12 20:55:54,57,"New York, US",Restaurants,Known Mobile (iOS),18,0,5.27,0,0
TXN-100060,CUST-1174,1020.54,Wire Transfer,2026-09-20 16:54:21,110,"Berlin, DE",Travel & Airlines,Rooted/Jailbroken Phone,80,0,6.1,1,1
TXN-100061,CUST-1324,1166.87,Wire Transfer,2026-09-06 23:47:05,56,Domestic Domestic,Utilities & Bills,Known Desktop (Chrome),12,0,5.58,1,0
TXN-100062,CUST-1151,4120.81,POS Swipe,2026-09-25 08:33:26,73,"Berlin, DE",Jewelry & Luxury,Known Mobile (iOS),78,0,5.0,0,1
TXN-100063,CUST-1131,3152.86,POS Swipe,2026-08-02 20:29:57,37,"Berlin, DE",Jewelry & Luxury,Known Mobile (Android),44,1,2.46,2,1
TXN-100064,CUST-1155,8.6,Online Checkout,2026-09-19 20:06:15,49,"Toronto, CA",Travel & Airlines,Headless Browser / Bot,37,0,6.66,0,0
TXN-100065,CUST-1026,298.34,Mobile Banking,2026-10-03 19:57:18,100,"Sydney, AU",Travel & Airlines,Known Mobile (Android),24,0,5.45,0,0
TXN-100066,CUST-1322,2496.42,Online Checkout,2026-08-06 10:28:02,75,"London, UK",Electronics,New Unrecognized Device,41,0,1.49,0,0
TXN-100067,CUST-1272,340.6,POS Swipe,2026-09-04 19:16:58,106,High-Risk IP Proxy,Department Store,Known Mobile (iOS),43,0,3.8,0,0
TXN-100068,CUST-1347,709.78,ATM Withdrawal,2026-09-20 22:51:35,47,"New York, US",Grocery & Supermarket,Known Mobile (iOS),15,0,5.42,0,0
TXN-100069,CUST-1191,67.2,Online Checkout,2026-08-30 13:39:56,72,"London, UK",Travel & Airlines,Known Mobile (Android),59,0,2.49,0,0
TXN-100070,CUST-1156,6515.83,Crypto Exchange,2026-08-15 07:56:34,18,"London, UK",Grocery & Supermarket,New Unrecognized Device,69,0,5.96,0,1
TXN-100071,CUST-1251,6273.02,Wire Transfer,2026-09-05 03:23:13,57,"London, UK",Crypto & Gambling,Known Mobile (Android),47,0,7.82,0,1
TXN-100072,CUST-1063,3759.71,Mobile Banking,2026-09-28 06:13:41,82,"Toronto, CA",Electronics,Known Desktop (Chrome),31,1,6.32,0,0
TXN-100073,CUST-1120,723.34,POS Swipe,2026-08-19 19:38:00,36,"Tokyo, JP",Electronics,Known Mobile (iOS),32,0,0.97,1,0
TXN-100074,CUST-1122,7805.66,Wire Transfer,2026-08-03 08:03:08,95,"London, UK",Electronics,Known Mobile (iOS),57,0,4.15,0,0
TXN-100075,CUST-1023,97.51,ATM Withdrawal,2026-09-08 13:01:03,62,"Tokyo, JP",Grocery & Supermarket,Known Mobile (iOS),56,0,0.74,0,0
TXN-100076,CUST-1325,10952.18,Wire Transfer,2026-09-11 11:38:33,38,"Toronto, CA",Travel & Airlines,Known Mobile (iOS),14,0,5.24,0,1
TXN-100077,CUST-1117,42.99,POS Swipe,2026-09-28 12:46:06,41,"London, UK",Utilities & Bills,Known Mobile (Android),19,0,3.85,0,0
TXN-100078,CUST-1382,728.48,ATM Withdrawal,2026-08-17 14:37:35,72,"London, UK",Electronics,Known Mobile (Android),54,0,5.8,2,0
TXN-100079,CUST-1296,438.67,POS Swipe,2026-08-20 17:14:54,14,"London, UK",Travel & Airlines,Known Mobile (iOS),35,0,6.48,1,0
TXN-100080,CUST-1315,2577.15,Wire Transfer,2026-08-04 16:42:53,89,"London, UK",Jewelry & Luxury,Known Desktop (Chrome),39,0,2.87,0,0
TXN-100081,CUST-1036,28.41,Online Checkout,2026-08-04 06:33:13,49,"London, UK",Grocery & Supermarket,Known Mobile (Android),41,0,4.58,0,0
TXN-100082,CUST-1317,306.93,Online Checkout,2026-08-11 10:42:27,63,"Berlin, DE",Grocery & Supermarket,Known Mobile (iOS),65,0,3.5,0,0
TXN-100083,CUST-1342,196.64,POS Swipe,2026-08-29 12:38:03,1,"New York, US",Department Store,Known Desktop (Chrome),32,0,1.05,0,0
TXN-100084,CUST-1273,526.56,ATM Withdrawal,2026-10-04 15:42:51,46,"New York, US",Restaurants,Known Mobile (iOS),2,0,0.72,0,0
TXN-100085,CUST-1328,267.05,POS Swipe,2026-08-15 12:20:10,103,High-Risk IP Proxy,Grocery & Supermarket,Known Desktop (Chrome),46,0,6.77,0,0
TXN-100086,CUST-1159,194.27,ATM Withdrawal,2026-08-29 10:10:04,66,"Berlin, DE",Travel & Airlines,Known Mobile (iOS),44,0,7.67,0,0
TXN-100087,CUST-1132,256.2,Online Checkout,2026-08-20 18:41:04,23,High-Risk IP Proxy,Travel & Airlines,Known Mobile (Android),72,0,3.65,2,0
TXN-100088,CUST-1322,375.11,POS Swipe,2026-09-26 06:28:40,39,"Sydney, AU",Travel & Airlines,Known Mobile (Android),9,0,3.67,0,0
TXN-100089,CUST-1047,2687.49,Wire Transfer,2026-10-04 11:37:35,102,"Sydney, AU",Electronics,New Unrecognized Device,73,0,2.64,0,0
TXN-100090,CUST-1053,1103.17,ATM Withdrawal,2026-09-13 23:05:32,83,"New York, US",Crypto & Gambling,Known Mobile (Android),56,0,4.92,0,0
TXN-100091,CUST-1397,393.61,POS Swipe,2026-08-07 19:41:21,9,"London, UK",Travel & Airlines,Known Mobile (Android),32,0,5.29,1,0
TXN-100092,CUST-1299,2353.01,Wire Transfer,2026-09-14 10:41:44,85,"London, UK",Travel & Airlines,New Unrecognized Device,39,0,5.18,0,0
TXN-100093,CUST-1351,66.22,Mobile Banking,2026-08-12 16:27:32,47,"New York, US",Grocery & Supermarket,Rooted/Jailbroken Phone,43,0,3.94,0,0
TXN-100094,CUST-1052,187.83,POS Swipe,2026-08-05 17:56:49,80,"New York, US",Grocery & Supermarket,Known Mobile (iOS),79,0,1.41,0,0
TXN-100095,CUST-1122,8771.08,Crypto Exchange,2026-09-06 18:50:28,30,"Toronto, CA",Grocery & Supermarket,Known Desktop (Chrome),60,0,1.63,0,0
TXN-100096,CUST-1399,381.42,POS Swipe,2026-09-23 22:52:12,103,"Berlin, DE",Restaurants,Known Mobile (iOS),61,0,4.48,0,0
TXN-100097,CUST-1146,1874.57,Online Checkout,2026-08-21 10:57:32,19,"Tokyo, JP",Electronics,New Unrecognized Device,57,0,7.45,0,1
TXN-100098,CUST-1042,342.68,POS Swipe,2026-08-04 10:06:53,92,"Berlin, DE",Utilities & Bills,Known Mobile (iOS),36,0,3.83,1,0
TXN-100099,CUST-1316,111.11,Online Checkout,2026-08-11 01:13:53,20,"Toronto, CA",Utilities & Bills,Known Mobile (Android),14,0,1.98,0,0
TXN-100100,CUST-1319,258.95,POS Swipe,2026-08-15 19:31:38,69,"New York, US",Grocery & Supermarket,Known Mobile (iOS),18,0,0.11,0,0
TXN-100101,CUST-1343,337.56,Online Checkout,2026-09-16 06:33:34,65,"Sydney, AU",Grocery & Supermarket,Known Mobile (iOS),60,0,3.16,0,0
TXN-100102,CUST-1035,217.95,POS Swipe,2026-08-14 19:47:48,43,"New York, US",Grocery & Supermarket,Known Mobile (iOS),22,0,5.51,3,1
TXN-100103,CUST-1367,63.21,ATM Withdrawal,2026-09-28 03:12:02,102,"New York, US",Electronics,New Unrecognized Device,65,0,6.54,0,0
TXN-100104,CUST-1400,168.47,Online Checkout,2026-09-12 10:51:23,56,"Lagos, NG",Utilities & Bills,New Unrecognized Device,49,0,1.58,0,0
TXN-100105,CUST-1043,833.92,ATM Withdrawal,2026-08-11 12:52:11,70,"London, UK",Electronics,Known Mobile (iOS),37,0,4.86,0,0
TXN-100106,CUST-1022,1144.29,ATM Withdrawal,2026-09-15 16:27:17,82,Domestic Domestic,Department Store,Known Mobile (iOS),51,0,6.43,0,0
TXN-100107,CUST-1312,5894.19,Wire Transfer,2026-09-26 03:04:15,100,"Berlin, DE",Grocery & Supermarket,New Unrecognized Device,4,0,5.46,2,1
TXN-100108,CUST-1294,1282.26,Online Checkout,2026-09-16 12:41:17,32,High-Risk IP Proxy,Electronics,Known Mobile (iOS),66,0,4.54,0,0
TXN-100109,CUST-1314,302.19,Online Checkout,2026-10-02 08:08:54,10,"Toronto, CA",Restaurants,Known Mobile (Android),11,0,7.74,3,0
TXN-100110,CUST-1149,165.6,Mobile Banking,2026-08-21 18:59:44,82,"New York, US",Grocery & Supermarket,Known Mobile (iOS),25,0,1.97,0,0
TXN-100111,CUST-1240,1167.41,ATM Withdrawal,2026-08-17 16:05:04,40,"London, UK",Utilities & Bills,Known Mobile (Android),52,0,6.6,0,0
TXN-100112,CUST-1231,2403.74,POS Swipe,2026-09-14 07:53:49,71,"Berlin, DE",Jewelry & Luxury,Rooted/Jailbroken Phone,55,0,6.96,1,1
TXN-100113,CUST-1083,46.58,POS Swipe,2026-08-29 11:33:57,37,"Tokyo, JP",Crypto & Gambling,Known Mobile (Android),70,0,5.04,0,0
TXN-100114,CUST-1304,122.77,Mobile Banking,2026-08-20 08:39:46,116,"Berlin, DE",Restaurants,Known Mobile (Android),3,0,7.59,0,0
TXN-100115,CUST-1293,200.62,POS Swipe,2026-08-04 13:40:34,38,"Berlin, DE",Grocery & Supermarket,Known Mobile (iOS),51,0,0.68,0,0
TXN-100116,CUST-1105,59.52,POS Swipe,2026-08-19 10:45:20,94,Domestic Domestic,Grocery & Supermarket,Known Mobile (Android),47,0,0.94,0,0
TXN-100117,CUST-1073,75.91,Online Checkout,2026-09-07 21:55:39,54,"New York, US",Restaurants,Known Mobile (iOS),41,0,5.8,0,0
TXN-100118,CUST-1240,296.15,POS Swipe,2026-09-09 13:05:25,65,"Toronto, CA",Crypto & Gambling,Known Mobile (Android),6,0,4.01,1,0
TXN-100119,CUST-1275,37.72,Online Checkout,2026-08-14 12:56:16,94,"London, UK",Grocery & Supermarket,Known Mobile (iOS),6,0,1.64,0,0
TXN-100120,CUST-1392,25.16,POS Swipe,2026-08-16 07:06:25,48,"Sydney, AU",Grocery & Supermarket,New Unrecognized Device,18,0,4.12,0,0
TXN-100121,CUST-1171,997.38,ATM Withdrawal,2026-09-28 08:57:32,18,"London, UK",Travel & Airlines,Known Mobile (iOS),78,0,2.46,0,0
TXN-100122,CUST-1363,11852.11,Wire Transfer,2026-09-30 19:23:21,87,"New York, US",Grocery & Supermarket,Known Mobile (iOS),80,0,3.85,2,0
TXN-100123,CUST-1370,13.43,Online Checkout,2026-10-01 08:40:46,80,"Sydney, AU",Grocery & Supermarket,Known Desktop (Chrome),31,0,7.59,0,0
TXN-100124,CUST-1078,217.88,POS Swipe,2026-08-27 12:49:39,118,"Toronto, CA",Restaurants,Known Desktop (Chrome),17,0,4.53,4,0
TXN-100125,CUST-1089,137.83,POS Swipe,2026-09-13 14:43:49,112,"Sydney, AU",Travel & Airlines,Known Desktop (Chrome),78,0,7.66,0,0
TXN-100126,CUST-1153,1077.0,ATM Withdrawal,2026-08-27 17:31:20,62,"London, UK",Department Store,Known Desktop (Chrome),35,0,4.63,0,0
TXN-100127,CUST-1177,255.1,Mobile Banking,2026-08-19 10:18:45,11,"London, UK",Grocery & Supermarket,Known Mobile (iOS),61,0,6.64,0,0
TXN-100128,CUST-1056,575.13,Wire Transfer,2026-08-31 09:42:57,68,"New York, US",Crypto & Gambling,Known Mobile (iOS),42,0,0.89,0,0
TXN-100129,CUST-1081,383.4,POS Swipe,2026-09-30 13:12:48,37,"London, UK",Travel & Airlines,New Unrecognized Device,11,0,1.93,0,0
TXN-100130,CUST-1090,616.76,POS Swipe,2026-08-23 21:02:53,51,"Sydney, AU",Jewelry & Luxury,Known Desktop (Chrome),37,0,0.17,0,0
TXN-100131,CUST-1146,211.27,POS Swipe,2026-10-03 20:08:54,65,"Toronto, CA",Jewelry & Luxury,Known Mobile (iOS),20,0,5.22,0,0
TXN-100132,CUST-1152,5192.22,Wire Transfer,2026-08-25 08:54:40,115,"London, UK",Grocery & Supermarket,Known Mobile (iOS),51,0,1.56,0,0
TXN-100133,CUST-1134,1913.56,POS Swipe,2026-09-27 18:21:19,75,"Sydney, AU",Electronics,Known Desktop (Chrome),30,0,1.03,0,0
TXN-100134,CUST-1361,668.1,ATM Withdrawal,2026-08-16 16:18:23,79,"New York, US",Department Store,Known Mobile (Android),58,0,4.89,0,0
TXN-100135,CUST-1276,666.23,ATM Withdrawal,2026-08-28 18:43:48,77,"Lagos, NG",Electronics,Known Mobile (Android),46,0,4.56,0,0
TXN-100136,CUST-1294,189.86,POS Swipe,2026-08-22 10:33:28,15,"Berlin, DE",Utilities & Bills,Known Mobile (Android),65,0,0.54,0,0
TXN-100137,CUST-1287,4215.44,POS Swipe,2026-09-09 18:25:16,105,"New York, US",Jewelry & Luxury,Known Mobile (iOS),54,0,0.6,4,1
TXN-100138,CUST-1242,40.71,Online Checkout,2026-09-22 08:08:49,83,Domestic Domestic,Travel & Airlines,Known Mobile (Android),48,0,7.35,0,0
TXN-100139,CUST-1277,193.74,Online Checkout,2026-09-14 07:34:25,68,"New York, US",Department Store,Known Desktop (Chrome),2,1,3.76,0,0
TXN-100140,CUST-1118,1196.9,Online Checkout,2026-09-14 08:12:59,113,"Sydney, AU",Electronics,Known Desktop (Chrome),53,0,7.5,1,0
TXN-100141,CUST-1305,4136.33,Online Checkout,2026-08-07 09:02:25,57,"New York, US",Jewelry & Luxury,New Unrecognized Device,7,0,7.95,0,1
TXN-100142,CUST-1296,9576.9,Wire Transfer,2026-09-11 09:56:09,85,"Toronto, CA",Grocery & Supermarket,Known Mobile (iOS),71,0,7.05,1,1
TXN-100143,CUST-1177,319.87,Mobile Banking,2026-09-18 19:20:44,54,"London, UK",Grocery & Supermarket,Known Mobile (iOS),68,0,6.81,0,0
TXN-100144,CUST-1030,3261.98,Wire Transfer,2026-09-23 14:08:24,32,"London, UK",Grocery & Supermarket,Known Mobile (iOS),57,0,0.83,0,0
TXN-100145,CUST-1345,722.34,Wire Transfer,2026-08-06 20:12:51,98,"Toronto, CA",Utilities & Bills,Known Mobile (iOS),26,0,2.73,2,0
TXN-100146,CUST-1380,121.39,Online Checkout,2026-10-01 21:44:38,91,"New York, US",Restaurants,Known Mobile (Android),36,0,4.32,0,0
TXN-100147,CUST-1255,264.89,POS Swipe,2026-09-30 18:20:58,27,"London, UK",Grocery & Supermarket,Known Mobile (Android),28,0,0.23,0,0
TXN-100148,CUST-1152,334.12,Online Checkout,2026-09-12 09:36:53,32,"Toronto, CA",Utilities & Bills,Known Desktop (Chrome),32,0,3.96,0,0
TXN-100149,CUST-1376,985.24,ATM Withdrawal,2026-08-22 08:34:31,24,"Moscow, RU",Travel & Airlines,Known Mobile (Android),7,0,6.73,0,1
TXN-100150,CUST-1071,241.83,Mobile Banking,2026-08-30 06:09:00,28,"Toronto, CA",Grocery & Supermarket,Known Mobile (Android),78,0,5.31,0,0
TXN-100151,CUST-1009,90.41,POS Swipe,2026-09-05 14:18:01,65,"Tokyo, JP",Utilities & Bills,Known Desktop (Chrome),22,0,0.86,0,0
TXN-100152,CUST-1182,46.61,Online Checkout,2026-09-20 06:25:29,73,"New York, US",Utilities & Bills,Known Mobile (iOS),10,0,6.88,0,0
TXN-100153,CUST-1283,406.07,POS Swipe,2026-08-02 17:05:31,109,"London, UK",Utilities & Bills,Known Mobile (Android),12,0,7.36,0,0
TXN-100154,CUST-1291,370.21,POS Swipe,2026-08-06 21:43:59,36,"Lagos, NG",Travel & Airlines,Known Mobile (iOS),40,0,1.74,0,0
TXN-100155,CUST-1040,336.73,Online Checkout,2026-08-31 15:54:24,87,"Lagos, NG",Grocery & Supermarket,Known Desktop (Chrome),17,0,5.55,0,1
TXN-100156,CUST-1119,197.17,Mobile Banking,2026-09-13 16:39:38,51,High-Risk IP Proxy,Grocery & Supermarket,Known Mobile (Android),57,0,2.91,2,0
TXN-100157,CUST-1044,26.13,ATM Withdrawal,2026-09-07 19:45:04,11,"London, UK",Grocery & Supermarket,Known Desktop (Chrome),19,0,2.6,0,0
TXN-100158,CUST-1185,402.83,ATM Withdrawal,2026-08-14 07:11:27,58,"Toronto, CA",Grocery & Supermarket,Known Mobile (iOS),11,0,0.84,0,0
TXN-100159,CUST-1150,877.35,POS Swipe,2026-08-11 18:35:57,32,"Toronto, CA",Jewelry & Luxury,Known Mobile (Android),17,0,2.22,0,0
TXN-100160,CUST-1154,280.99,POS Swipe,2026-08-10 11:15:46,81,"Toronto, CA",Travel & Airlines,Known Mobile (Android),17,0,7.6,0,0
TXN-100161,CUST-1169,147.02,POS Swipe,2026-09-25 19:55:41,77,"New York, US",Grocery & Supermarket,New Unrecognized Device,25,0,1.5,0,0
TXN-100162,CUST-1325,267.09,POS Swipe,2026-09-01 10:17:52,101,"London, UK",Electronics,Known Mobile (Android),75,2,1.52,0,0
TXN-100163,CUST-1363,356.14,Online Checkout,2026-09-07 19:04:52,109,"Sydney, AU",Grocery & Supermarket,Known Mobile (Android),38,0,5.3,0,0
TXN-100164,CUST-1307,411.91,POS Swipe,2026-09-21 14:59:58,112,"Berlin, DE",Travel & Airlines,Known Desktop (Chrome),46,0,6.52,0,0
TXN-100165,CUST-1128,4251.71,Wire Transfer,2026-09-15 08:39:02,73,Domestic Domestic,Utilities & Bills,Known Mobile (Android),42,1,3.5,0,0
TXN-100166,CUST-1298,1744.89,Wire Transfer,2026-08-29 13:25:29,99,"Berlin, DE",Utilities & Bills,Known Mobile (iOS),3,0,2.43,2,0
TXN-100167,CUST-1374,56.21,Online Checkout,2026-09-09 11:50:13,67,"Toronto, CA",Grocery & Supermarket,Known Mobile (Android),57,0,2.47,1,0
TXN-100168,CUST-1332,2936.08,Online Checkout,2026-08-22 21:47:15,67,"New York, US",Jewelry & Luxury,Known Mobile (Android),59,0,3.3,0,0
TXN-100169,CUST-1015,451.64,ATM Withdrawal,2026-08-26 13:27:24,1,"Berlin, DE",Jewelry & Luxury,Known Desktop (Chrome),8,0,6.42,0,1
TXN-100170,CUST-1344,278.45,Mobile Banking,2026-09-10 15:39:25,76,"New York, US",Grocery & Supermarket,Known Mobile (Android),22,0,5.68,0,0
TXN-100171,CUST-1069,313.58,POS Swipe,2026-08-31 10:11:23,89,"New York, US",Grocery & Supermarket,Known Mobile (Android),73,0,1.57,0,0
TXN-100172,CUST-1089,8642.94,Wire Transfer,2026-10-02 10:11:20,108,"Toronto, CA",Electronics,Known Mobile (Android),1,0,1.64,0,0
TXN-100173,CUST-1252,3379.95,POS Swipe,2026-09-26 13:05:36,4,"Sydney, AU",Jewelry & Luxury,Known Mobile (iOS),28,0,1.43,0,0
TXN-100174,CUST-1282,374.38,POS Swipe,2026-08-15 09:34:52,47,"Toronto, CA",Utilities & Bills,Known Desktop (Chrome),56,0,7.92,0,0
TXN-100175,CUST-1153,388.17,Mobile Banking,2026-08-05 13:22:55,105,"New York, US",Restaurants,Known Mobile (iOS),30,0,5.93,0,0
TXN-100176,CUST-1220,259.87,Online Checkout,2026-08-18 19:52:13,104,"New York, US",Grocery & Supermarket,Known Mobile (iOS),68,0,7.83,0,0
TXN-100177,CUST-1264,5170.4,Crypto Exchange,2026-08-13 07:48:50,53,"Moscow, RU",Department Store,New Unrecognized Device,16,0,1.15,0,1
TXN-100178,CUST-1347,3966.33,POS Swipe,2026-08-19 15:17:40,54,"London, UK",Electronics,Known Desktop (Chrome),11,0,6.02,0,0
TXN-100179,CUST-1250,435.82,POS Swipe,2026-08-01 20:54:46,12,"Sydney, AU",Grocery & Supermarket,Known Desktop (Chrome),45,0,6.39,0,0
TXN-100180,CUST-1254,12.25,Online Checkout,2026-09-06 11:36:08,73,"Tokyo, JP",Utilities & Bills,New Unrecognized Device,6,0,5.05,1,0
TXN-100181,CUST-1234,300.71,Online Checkout,2026-09-24 09:44:58,17,"Lagos, NG",Grocery & Supermarket,New Unrecognized Device,35,0,2.95,0,0
TXN-100182,CUST-1321,157.89,POS Swipe,2026-08-30 12:05:45,13,"New York, US",Grocery & Supermarket,Known Mobile (iOS),28,0,3.62,0,0
TXN-100183,CUST-1217,2430.62,Wire Transfer,2026-10-01 06:24:05,94,"Tokyo, JP",Electronics,Known Mobile (Android),38,0,6.21,0,0
TXN-100184,CUST-1074,403.98,Online Checkout,2026-08-02 16:10:28,45,"Sydney, AU",Travel & Airlines,Known Mobile (iOS),52,0,3.59,0,0
TXN-100185,CUST-1064,14148.55,Wire Transfer,2026-09-19 11:27:20,102,"New York, US",Crypto & Gambling,Known Mobile (iOS),70,0,5.8,0,1
TXN-100186,CUST-1338,269.3,Mobile Banking,2026-08-27 14:32:12,96,"London, UK",Travel & Airlines,Known Desktop (Chrome),30,0,0.99,0,0
TXN-100187,CUST-1007,1479.22,Crypto Exchange,2026-09-10 07:55:53,73,"London, UK",Travel & Airlines,Known Mobile (iOS),60,1,6.19,0,1
TXN-100188,CUST-1031,40.16,Mobile Banking,2026-09-20 14:40:45,65,"Sydney, AU",Grocery & Supermarket,Known Mobile (Android),68,0,1.31,0,0
TXN-100189,CUST-1080,2122.17,POS Swipe,2026-09-20 15:48:53,84,"Berlin, DE",Electronics,Known Desktop (Chrome),30,0,0.78,0,0
TXN-100190,CUST-1159,2340.49,Wire Transfer,2026-08-23 07:45:08,90,"New York, US",Grocery & Supermarket,Known Mobile (iOS),66,0,5.79,0,0
TXN-100191,CUST-1138,85.42,ATM Withdrawal,2026-08-16 19:01:21,104,"London, UK",Grocery & Supermarket,Known Mobile (iOS),73,0,4.02,0,0
TXN-100192,CUST-1086,1733.3,POS Swipe,2026-09-02 19:57:36,87,"Sydney, AU",Jewelry & Luxury,Known Mobile (Android),5,0,0.2,0,0
TXN-100193,CUST-1092,2333.88,Mobile Banking,2026-08-05 14:58:45,95,"Berlin, DE",Jewelry & Luxury,Known Mobile (iOS),40,0,0.72,0,0
TXN-100194,CUST-1092,255.89,Online Checkout,2026-08-06 22:04:56,60,"Tokyo, JP",Utilities & Bills,Known Mobile (iOS),11,0,0.16,0,0
TXN-100195,CUST-1319,245.99,Online Checkout,2026-09-17 15:31:49,100,"New York, US",Restaurants,Known Desktop (Chrome),31,0,7.47,0,0
TXN-100196,CUST-1356,68.36,Mobile Banking,2026-09-12 00:42:24,109,"Sydney, AU",Grocery & Supermarket,Known Mobile (iOS),30,0,7.69,3,1
TXN-100197,CUST-1119,4344.35,Mobile Banking,2026-09-22 17:23:29,96,"New York, US",Electronics,Known Mobile (iOS),50,0,4.59,0,0
TXN-100198,CUST-1134,78.15,Mobile Banking,2026-09-20 17:47:20,41,"Toronto, CA",Crypto & Gambling,New Unrecognized Device,17,0,4.72,0,0
TXN-100199,CUST-1209,376.99,Online Checkout,2026-09-15 22:13:28,40,"Toronto, CA",Restaurants,Known Mobile (iOS),38,0,5.61,0,0
TXN-100200,CUST-1047,131.78,ATM Withdrawal,2026-09-15 12:03:43,39,"London, UK",Department Store,Known Mobile (iOS),51,0,4.49,0,0
TXN-100201,CUST-1072,14.7,Online Checkout,2026-08-08 19:14:08,26,"Tokyo, JP",Grocery & Supermarket,Known Mobile (Android),10,0,2.14,1,0
TXN-100202,CUST-1331,2308.15,POS Swipe,2026-08-17 06:54:53,104,"London, UK",Electronics,Known Mobile (Android),21,0,3.52,0,0
TXN-100203,CUST-1219,2233.78,Online Checkout,2026-08-28 21:17:17,58,"Lagos, NG",Electronics,Known Mobile (Android),31,0,4.04,1,1
TXN-100204,CUST-1215,228.56,Online Checkout,2026-09-01 16:51:34,102,"New York, US",Grocery & Supermarket,Known Desktop (Chrome),61,0,3.93,1,0
TXN-100205,CUST-1093,297.3,Online Checkout,2026-08-29 02:51:49,36,"New York, US",Department Store,Known Mobile (Android),74,2,7.79,0,1
TXN-100206,CUST-1378,411.72,Online Checkout,2026-08-29 15:51:24,46,"Moscow, RU",Department Store,Known Mobile (iOS),30,0,6.47,0,1
TXN-100207,CUST-1291,509.91,Wire Transfer,2026-08-25 19:51:56,64,"Toronto, CA",Jewelry & Luxury,Known Mobile (iOS),7,0,1.83,0,0
TXN-100208,CUST-1104,1153.46,ATM Withdrawal,2026-09-13 18:58:51,109,"Tokyo, JP",Electronics,Known Mobile (iOS),18,0,6.79,1,0
TXN-100209,CUST-1340,313.63,POS Swipe,2026-08-13 11:20:08,21,"Sydney, AU",Grocery & Supermarket,Known Mobile (Android),62,0,1.48,2,0
TXN-100210,CUST-1183,19.41,Online Checkout,2026-08-23 11:46:44,38,"New York, US",Utilities & Bills,New Unrecognized Device,73,0,7.95,2,0
TXN-100211,CUST-1314,154.41,Online Checkout,2026-08-14 21:09:21,96,"New York, US",Grocery & Supermarket,Known Mobile (iOS),11,0,5.39,0,1
TXN-100212,CUST-1108,247.98,Online Checkout,2026-08-09 11:50:06,93,"New York, US",Grocery & Supermarket,Known Desktop (Chrome),21,0,4.0,0,0
TXN-100213,CUST-1246,883.74,ATM Withdrawal,2026-08-29 08:04:51,109,"New York, US",Electronics,Known Mobile (iOS),13,0,1.44,0,0
TXN-100214,CUST-1048,326.31,POS Swipe,2026-10-01 17:27:41,22,"Berlin, DE",Grocery & Supermarket,Known Mobile (iOS),42,0,1.6,0,0
TXN-100215,CUST-1136,9203.13,Wire Transfer,2026-09-08 09:03:25,74,"Toronto, CA",Grocery & Supermarket,Known Mobile (iOS),0,0,2.43,0,1
TXN-100216,CUST-1088,6030.96,Wire Transfer,2026-08-11 13:07:19,101,"London, UK",Grocery & Supermarket,Known Desktop (Chrome),11,0,3.16,0,0
TXN-100217,CUST-1023,341.62,Online Checkout,2026-09-29 09:53:17,73,"New York, US",Utilities & Bills,Known Desktop (Chrome),10,0,6.48,0,0
TXN-100218,CUST-1032,259.19,Mobile Banking,2026-09-23 22:43:55,120,"Toronto, CA",Restaurants,Known Mobile (Android),10,0,6.85,0,0
TXN-100219,CUST-1293,6813.2,Wire Transfer,2026-08-19 07:48:28,23,High-Risk IP Proxy,Jewelry & Luxury,Known Mobile (iOS),24,0,3.44,3,1
TXN-100220,CUST-1322,10.5,Online Checkout,2026-09-03 10:46:58,104,"New York, US",Grocery & Supermarket,Known Mobile (Android),41,0,4.21,1,0
TXN-100221,CUST-1301,243.36,POS Swipe,2026-09-23 07:09:09,73,"Toronto, CA",Utilities & Bills,New Unrecognized Device,13,0,0.9,0,0
TXN-100222,CUST-1211,1183.47,Online Checkout,2026-10-02 15:30:02,23,"London, UK",Electronics,Known Mobile (Android),51,0,7.13,0,0
TXN-100223,CUST-1138,335.96,Mobile Banking,2026-08-03 11:50:19,40,"London, UK",Grocery & Supermarket,Known Desktop (Chrome),12,1,1.9,0,0
TXN-100224,CUST-1165,75.74,Online Checkout,2026-09-23 16:05:12,57,"New York, US",Restaurants,Known Desktop (Chrome),66,0,6.59,0,0
TXN-100225,CUST-1260,229.78,POS Swipe,2026-08-04 08:56:53,26,"Tokyo, JP",Crypto & Gambling,Known Mobile (Android),46,0,2.26,1,0
TXN-100226,CUST-1064,10488.33,Wire Transfer,2026-08-31 11:38:28,23,High-Risk IP Proxy,Grocery & Supermarket,Known Mobile (Android),44,0,7.17,0,1
TXN-100227,CUST-1198,361.38,Online Checkout,2026-08-28 20:41:14,87,"New York, US",Utilities & Bills,Known Mobile (Android),1,0,1.15,0,0
TXN-100228,CUST-1312,755.86,ATM Withdrawal,2026-09-09 18:45:41,36,"London, UK",Grocery & Supermarket,Known Mobile (iOS),32,0,2.49,0,0
TXN-100229,CUST-1004,3243.26,POS Swipe,2026-09-17 15:38:38,37,"London, UK",Electronics,Known Mobile (iOS),35,0,6.91,0,0
TXN-100230,CUST-1153,120.44,Online Checkout,2026-08-31 21:51:54,103,"Tokyo, JP",Grocery & Supermarket,Known Mobile (iOS),17,0,5.28,4,1
TXN-100231,CUST-1019,13209.17,Wire Transfer,2026-08-25 11:45:14,88,"Toronto, CA",Utilities & Bills,New Unrecognized Device,45,0,6.78,1,1
TXN-100232,CUST-1050,192.11,POS Swipe,2026-09-03 18:35:48,117,"New York, US",Utilities & Bills,Known Mobile (iOS),11,0,1.86,1,0
TXN-100233,CUST-1191,307.91,Online Checkout,2026-09-07 13:07:30,7,"Tokyo, JP",Travel & Airlines,New Unrecognized Device,9,0,1.64,0,0
TXN-100234,CUST-1212,221.97,Online Checkout,2026-08-20 07:12:21,53,Domestic Domestic,Restaurants,Headless Browser / Bot,18,0,5.75,0,0
TXN-100235,CUST-1325,2016.26,Online Checkout,2026-09-27 10:48:49,22,"Toronto, CA",Jewelry & Luxury,Known Desktop (Chrome),11,0,3.53,0,0
TXN-100236,CUST-1003,158.24,Online Checkout,2026-08-26 18:00:57,42,"Sydney, AU",Travel & Airlines,Known Mobile (iOS),0,0,2.07,0,0
TXN-100237,CUST-1197,157.52,POS Swipe,2026-09-09 08:52:02,39,High-Risk IP Proxy,Grocery & Supermarket,Known Mobile (Android),67,0,7.11,4,1
TXN-100238,CUST-1184,452.58,ATM Withdrawal,2026-08-22 22:58:51,52,"New York, US",Jewelry & Luxury,Headless Browser / Bot,27,0,4.76,0,0
TXN-100239,CUST-1328,3203.13,Online Checkout,2026-08-07 15:03:42,14,"Berlin, DE",Electronics,Known Desktop (Chrome),53,0,1.08,0,0
TXN-100240,CUST-1352,11879.02,Wire Transfer,2026-09-08 12:06:42,67,"London, UK",Travel & Airlines,Known Mobile (iOS),13,0,4.98,0,0
TXN-100241,CUST-1399,408.56,Online Checkout,2026-08-26 11:26:18,21,"New York, US",Grocery & Supermarket,Known Mobile (iOS),61,0,0.12,0,0
TXN-100242,CUST-1343,393.99,POS Swipe,2026-08-12 19:04:46,93,"New York, US",Crypto & Gambling,Known Mobile (iOS),37,0,0.5,1,0
TXN-100243,CUST-1185,336.61,ATM Withdrawal,2026-09-10 12:07:06,109,"Sydney, AU",Electronics,New Unrecognized Device,21,0,7.17,2,0
TXN-100244,CUST-1176,424.4,Online Checkout,2026-09-21 12:29:17,107,"London, UK",Restaurants,Known Desktop (Chrome),21,0,5.6,0,0
TXN-100245,CUST-1214,201.11,Mobile Banking,2026-10-01 19:43:28,24,"Berlin, DE",Utilities & Bills,Known Mobile (Android),16,0,3.96,1,0
TXN-100246,CUST-1336,305.95,POS Swipe,2026-08-29 23:42:55,44,"Toronto, CA",Utilities & Bills,Known Mobile (Android),55,0,2.06,0,0
TXN-100247,CUST-1286,128.78,Mobile Banking,2026-08-07 00:59:10,65,"Tokyo, JP",Restaurants,New Unrecognized Device,9,0,2.63,0,0
TXN-100248,CUST-1282,757.65,Wire Transfer,2026-09-21 19:05:29,57,"Tokyo, JP",Grocery & Supermarket,New Unrecognized Device,57,0,7.85,0,0
TXN-100249,CUST-1019,3732.31,Wire Transfer,2026-08-01 19:50:38,80,"Berlin, DE",Restaurants,Known Mobile (Android),58,1,2.97,0,0
TXN-100250,CUST-1287,666.27,ATM Withdrawal,2026-09-30 18:23:45,58,"New York, US",Utilities & Bills,Known Mobile (iOS),43,0,5.11,0,0
TXN-100251,CUST-1055,3736.81,Online Checkout,2026-08-22 13:52:45,96,"Sydney, AU",Electronics,Known Mobile (Android),24,0,6.83,0,0
TXN-100252,CUST-1174,241.01,Online Checkout,2026-09-23 04:40:53,87,"Toronto, CA",Utilities & Bills,Known Mobile (Android),75,1,1.16,0,0
TXN-100253,CUST-1222,148.22,Mobile Banking,2026-10-01 21:49:58,117,"New York, US",Travel & Airlines,Known Desktop (Chrome),16,0,5.29,0,0
TXN-100254,CUST-1215,10822.18,Crypto Exchange,2026-09-01 10:21:18,58,"Tokyo, JP",Electronics,Known Mobile (Android),65,0,5.64,1,0
TXN-100255,CUST-1320,707.71,ATM Withdrawal,2026-09-14 21:08:45,84,Domestic Domestic,Jewelry & Luxury,Known Mobile (Android),41,0,6.11,0,0
TXN-100256,CUST-1364,1396.78,POS Swipe,2026-09-06 20:27:51,2,"Toronto, CA",Electronics,Known Mobile (iOS),7,0,6.03,0,0
TXN-100257,CUST-1032,3945.13,Wire Transfer,2026-09-07 09:34:02,46,"Tokyo, JP",Electronics,New Unrecognized Device,71,0,5.97,0,0
TXN-100258,CUST-1148,12976.45,Wire Transfer,2026-08-07 21:24:26,101,Domestic Domestic,Grocery & Supermarket,Known Mobile (Android),1,0,1.7,1,0
TXN-100259,CUST-1325,225.08,ATM Withdrawal,2026-09-17 18:34:47,78,"New York, US",Utilities & Bills,Known Mobile (iOS),57,0,5.49,0,0
TXN-100260,CUST-1194,3515.43,Online Checkout,2026-09-05 14:08:10,75,"Tokyo, JP",Electronics,Known Mobile (Android),19,0,7.44,0,0
TXN-100261,CUST-1339,1669.9,POS Swipe,2026-09-15 06:45:20,68,"New York, US",Jewelry & Luxury,Known Mobile (iOS),64,0,4.39,0,0
TXN-100262,CUST-1340,290.81,POS Swipe,2026-09-16 10:48:39,68,"Toronto, CA",Travel & Airlines,Known Desktop (Chrome),1,0,2.83,0,0
TXN-100263,CUST-1125,203.27,Mobile Banking,2026-09-11 11:50:07,50,"London, UK",Utilities & Bills,Known Mobile (iOS),66,0,3.06,1,0
TXN-100264,CUST-1334,602.08,Online Checkout,2026-10-05 06:06:10,99,"Toronto, CA",Electronics,Known Mobile (iOS),80,0,6.93,0,0
TXN-100265,CUST-1360,36.35,Mobile Banking,2026-09-25 16:04:47,88,"New York, US",Grocery & Supermarket,Known Mobile (iOS),11,0,1.51,0,0
TXN-100266,CUST-1133,3839.89,POS Swipe,2026-09-27 16:27:20,3,"London, UK",Electronics,Known Mobile (iOS),79,0,5.99,0,0
TXN-100267,CUST-1258,359.56,Online Checkout,2026-09-08 16:18:48,119,"London, UK",Grocery & Supermarket,Known Desktop (Chrome),60,0,1.84,0,0
TXN-100268,CUST-1152,572.93,Crypto Exchange,2026-08-19 10:56:58,102,"Tokyo, JP",Travel & Airlines,Rooted/Jailbroken Phone,1,0,4.49,0,0
TXN-100269,CUST-1276,1249.43,POS Swipe,2026-08-11 10:47:47,116,"Sydney, AU",Jewelry & Luxury,New Unrecognized Device,65,0,1.55,0,0
TXN-100270,CUST-1344,410.4,ATM Withdrawal,2026-08-07 20:59:35,60,"Berlin, DE",Electronics,Known Desktop (Chrome),32,0,5.83,0,0
TXN-100271,CUST-1336,431.6,Online Checkout,2026-09-06 16:57:12,41,"Toronto, CA",Grocery & Supermarket,Known Desktop (Chrome),74,0,4.58,1,0
TXN-100272,CUST-1161,2549.77,Online Checkout,2026-08-29 18:41:27,36,"Tokyo, JP",Electronics,Known Desktop (Chrome),61,0,2.93,0,0
TXN-100273,CUST-1311,366.63,Online Checkout,2026-09-05 20:08:57,69,"New York, US",Utilities & Bills,Known Mobile (Android),9,0,6.81,0,0
TXN-100274,CUST-1394,2441.28,Wire Transfer,2026-08-05 14:34:57,70,"Toronto, CA",Utilities & Bills,Known Mobile (Android),28,0,4.76,1,0
TXN-100275,CUST-1047,298.44,POS Swipe,2026-10-04 00:15:54,104,Domestic Domestic,Utilities & Bills,Known Desktop (Chrome),17,0,1.52,2,0
TXN-100276,CUST-1377,1103.12,ATM Withdrawal,2026-09-15 04:48:31,30,"New York, US",Grocery & Supermarket,Known Mobile (iOS),26,0,6.35,0,0
TXN-100277,CUST-1021,9973.38,Crypto Exchange,2026-09-11 07:33:40,107,"London, UK",Utilities & Bills,Known Mobile (Android),72,0,5.26,0,0
TXN-100278,CUST-1115,129.96,POS Swipe,2026-09-15 19:22:31,102,"Toronto, CA",Travel & Airlines,Known Mobile (Android),17,0,1.92,0,0
TXN-100279,CUST-1081,113.43,POS Swipe,2026-08-16 17:26:51,43,"Sydney, AU",Grocery & Supermarket,Known Mobile (Android),26,0,5.21,0,0
TXN-100280,CUST-1304,325.2,Online Checkout,2026-10-05 04:36:09,8,"New York, US",Department Store,Known Mobile (Android),51,0,4.55,0,0
TXN-100281,CUST-1146,122.71,Mobile Banking,2026-08-28 13:30:55,62,"New York, US",Restaurants,Known Mobile (Android),74,0,1.54,0,0
TXN-100282,CUST-1176,406.22,Mobile Banking,2026-08-09 09:24:08,14,"New York, US",Grocery & Supermarket,New Unrecognized Device,53,0,4.88,0,0
TXN-100283,CUST-1273,240.77,POS Swipe,2026-08-16 07:42:08,116,"Berlin, DE",Restaurants,New Unrecognized Device,55,0,3.03,0,0
TXN-100284,CUST-1247,118.9,ATM Withdrawal,2026-09-18 11:51:47,117,"Sydney, AU",Utilities & Bills,Known Mobile (iOS),17,0,6.15,1,0
TXN-100285,CUST-1279,823.29,POS Swipe,2026-08-25 00:47:50,1,"Toronto, CA",Electronics,Known Mobile (iOS),26,0,2.6,0,0
TXN-100286,CUST-1130,1253.93,Online Checkout,2026-09-24 15:39:17,88,"London, UK",Jewelry & Luxury,Known Mobile (Android),71,0,3.02,0,0
TXN-100287,CUST-1177,965.01,ATM Withdrawal,2026-09-20 18:54:55,85,"New York, US",Jewelry & Luxury,Known Desktop (Chrome),20,0,4.12,0,0
TXN-100288,CUST-1351,738.65,ATM Withdrawal,2026-08-21 12:40:00,103,"New York, US",Electronics,New Unrecognized Device,55,0,2.18,0,0
TXN-100289,CUST-1206,3323.82,Wire Transfer,2026-09-06 18:38:03,100,"Tokyo, JP",Travel & Airlines,Known Mobile (Android),25,0,7.45,0,0
TXN-100290,CUST-1262,2699.45,POS Swipe,2026-08-30 16:43:02,47,"New York, US",Electronics,Known Mobile (iOS),35,0,2.89,0,0
TXN-100291,CUST-1378,496.67,ATM Withdrawal,2026-08-12 14:46:53,72,"Moscow, RU",Grocery & Supermarket,Rooted/Jailbroken Phone,35,0,7.71,0,1
TXN-100292,CUST-1090,434.89,POS Swipe,2026-08-14 15:32:18,44,High-Risk IP Proxy,Restaurants,Rooted/Jailbroken Phone,68,0,4.64,0,1
TXN-100293,CUST-1395,306.23,Online Checkout,2026-09-13 22:29:43,59,"Lagos, NG",Restaurants,Known Mobile (Android),33,0,5.11,4,1
TXN-100294,CUST-1162,162.32,POS Swipe,2026-09-15 14:00:44,107,"London, UK",Grocery & Supermarket,Known Mobile (Android),43,0,7.46,0,0
TXN-100295,CUST-1138,58.35,Online Checkout,2026-08-25 13:12:15,95,"New York, US",Crypto & Gambling,Known Mobile (iOS),31,0,2.91,0,0
TXN-100296,CUST-1340,412.62,POS Swipe,2026-08-01 18:34:02,109,"Toronto, CA",Travel & Airlines,Known Mobile (Android),73,0,3.98,3,0
TXN-100297,CUST-1114,392.47,ATM Withdrawal,2026-08-17 05:51:27,62,"Moscow, RU",Electronics,Known Mobile (iOS),22,0,1.05,0,1
TXN-100298,CUST-1346,191.5,Online Checkout,2026-08-13 10:39:55,34,"New York, US",Crypto & Gambling,Known Mobile (iOS),78,0,1.55,0,0
TXN-100299,CUST-1187,361.02,Mobile Banking,2026-09-05 13:36:08,74,"Berlin, DE",Restaurants,Known Desktop (Chrome),30,0,6.86,0,0
TXN-100300,CUST-1243,490.11,ATM Withdrawal,2026-08-23 12:08:57,109,"Berlin, DE",Travel & Airlines,Known Mobile (iOS),62,0,4.54,0,0
TXN-100301,CUST-1031,58.95,Online Checkout,2026-09-02 13:40:06,58,"Sydney, AU",Crypto & Gambling,Known Mobile (Android),71,0,2.14,0,0
TXN-100302,CUST-1311,69.46,Online Checkout,2026-08-23 23:18:22,42,"Berlin, DE",Grocery & Supermarket,Known Desktop (Chrome),10,0,2.36,0,0
TXN-100303,CUST-1173,352.53,POS Swipe,2026-09-21 20:04:05,21,"London, UK",Grocery & Supermarket,Known Desktop (Chrome),34,0,3.22,1,0
TXN-100304,CUST-1383,14083.51,Wire Transfer,2026-09-27 12:11:54,3,"New York, US",Crypto & Gambling,Known Mobile (iOS),10,0,3.24,0,0
TXN-100305,CUST-1269,641.56,ATM Withdrawal,2026-08-11 07:39:09,11,"Berlin, DE",Restaurants,Known Mobile (iOS),31,0,3.6,0,0
TXN-100306,CUST-1018,9719.84,Wire Transfer,2026-09-11 20:29:55,70,"Moscow, RU",Travel & Airlines,Known Mobile (iOS),69,0,4.82,0,1
TXN-100307,CUST-1269,11495.26,Wire Transfer,2026-09-09 21:30:34,30,"Tokyo, JP",Grocery & Supermarket,Known Mobile (Android),33,0,0.18,0,0
TXN-100308,CUST-1274,199.51,Online Checkout,2026-10-02 22:30:19,2,"Sydney, AU",Utilities & Bills,Known Mobile (Android),0,0,1.59,1,0
TXN-100309,CUST-1367,896.65,ATM Withdrawal,2026-09-19 19:14:16,11,"London, UK",Crypto & Gambling,Known Desktop (Chrome),78,0,5.51,0,0
TXN-100310,CUST-1212,243.06,Online Checkout,2026-08-09 08:18:07,82,"Toronto, CA",Grocery & Supermarket,Known Desktop (Chrome),62,0,0.25,0,0
TXN-100311,CUST-1053,2167.03,Online Checkout,2026-08-17 18:46:00,30,"New York, US",Electronics,Known Mobile (iOS),53,0,6.42,4,1
TXN-100312,CUST-1170,3491.43,Online Checkout,2026-08-19 05:49:25,10,"Toronto, CA",Jewelry & Luxury,New Unrecognized Device,32,0,6.64,0,1
TXN-100313,CUST-1395,5184.42,Crypto Exchange,2026-09-01 18:02:12,59,"Sydney, AU",Electronics,Known Desktop (Chrome),26,0,5.48,0,0
TXN-100314,CUST-1282,358.5,POS Swipe,2026-09-02 13:19:12,47,"Lagos, NG",Restaurants,Known Mobile (iOS),14,0,3.53,0,0
TXN-100315,CUST-1203,419.34,ATM Withdrawal,2026-08-02 22:37:50,89,"Toronto, CA",Travel & Airlines,Known Mobile (Android),11,0,4.05,0,0
TXN-100316,CUST-1389,6861.42,Wire Transfer,2026-08-08 11:09:44,69,"Sydney, AU",Electronics,Known Mobile (iOS),71,0,6.08,1,1
TXN-100317,CUST-1184,344.88,ATM Withdrawal,2026-09-02 20:31:45,57,"Toronto, CA",Travel & Airlines,Known Mobile (Android),72,0,2.85,0,0
TXN-100318,CUST-1284,1733.73,Online Checkout,2026-08-20 13:52:16,70,"London, UK",Electronics,Known Mobile (Android),48,0,7.08,0,0
TXN-100319,CUST-1165,1005.53,ATM Withdrawal,2026-09-19 08:43:31,99,"Toronto, CA",Travel & Airlines,Known Mobile (iOS),41,0,4.23,0,0
TXN-100320,CUST-1017,36.54,Online Checkout,2026-10-02 08:02:36,83,"Tokyo, JP",Utilities & Bills,Known Mobile (Android),75,0,2.99,0,0
TXN-100321,CUST-1107,8170.8,Wire Transfer,2026-08-11 13:40:03,47,"Toronto, CA",Department Store,Known Mobile (Android),47,0,0.56,0,0
TXN-100322,CUST-1040,337.02,Mobile Banking,2026-08-13 07:14:34,50,"New York, US",Grocery & Supermarket,Known Mobile (iOS),80,0,4.51,0,0
TXN-100323,CUST-1296,4210.81,POS Swipe,2026-09-28 17:27:56,14,"New York, US",Jewelry & Luxury,Known Mobile (Android),43,0,4.32,0,0
TXN-100324,CUST-1167,432.94,Mobile Banking,2026-09-22 18:27:52,93,"London, UK",Crypto & Gambling,Known Mobile (Android),48,0,7.42,0,0
TXN-100325,CUST-1204,424.79,Online Checkout,2026-08-05 23:38:01,67,"New York, US",Restaurants,Known Mobile (iOS),28,0,2.59,0,0
TXN-100326,CUST-1284,258.23,POS Swipe,2026-08-20 07:29:22,20,"New York, US",Grocery & Supermarket,Known Mobile (Android),29,0,2.47,0,0
TXN-100327,CUST-1040,940.54,ATM Withdrawal,2026-10-01 08:52:57,89,"Berlin, DE",Restaurants,Known Mobile (iOS),38,0,6.49,0,0
TXN-100328,CUST-1172,238.35,POS Swipe,2026-09-25 12:55:07,112,"Sydney, AU",Utilities & Bills,Known Desktop (Chrome),1,0,5.09,0,0
TXN-100329,CUST-1290,354.93,Online Checkout,2026-10-04 17:09:03,87,"Sydney, AU",Grocery & Supermarket,Known Mobile (Android),76,0,0.81,0,0
TXN-100330,CUST-1173,259.24,Online Checkout,2026-08-07 14:16:05,52,"Toronto, CA",Utilities & Bills,Known Mobile (iOS),17,0,1.67,0,0
TXN-100331,CUST-1377,269.28,POS Swipe,2026-09-01 06:49:27,42,"Berlin, DE",Travel & Airlines,Known Mobile (iOS),52,0,2.85,0,0
TXN-100332,CUST-1157,523.29,Online Checkout,2026-09-14 16:51:28,80,"New York, US",Electronics,Known Desktop (Chrome),25,0,1.33,0,0
TXN-100333,CUST-1125,95.69,Mobile Banking,2026-08-19 20:52:18,2,"London, UK",Restaurants,Known Mobile (iOS),60,0,1.75,0,0
TXN-100334,CUST-1133,125.72,POS Swipe,2026-08-19 17:42:01,49,"Toronto, CA",Utilities & Bills,Known Mobile (iOS),21,0,1.69,0,0
TXN-100335,CUST-1005,583.28,Online Checkout,2026-09-04 17:58:42,47,"Tokyo, JP",Electronics,New Unrecognized Device,49,0,3.11,3,1
TXN-100336,CUST-1273,1658.49,Online Checkout,2026-08-26 13:29:35,119,"Berlin, DE",Electronics,New Unrecognized Device,39,0,3.21,0,0
TXN-100337,CUST-1321,157.09,POS Swipe,2026-10-04 10:03:40,33,"Lagos, NG",Restaurants,Known Desktop (Chrome),3,0,7.6,0,1
TXN-100338,CUST-1374,309.4,POS Swipe,2026-08-30 12:36:09,55,Domestic Domestic,Restaurants,Known Mobile (iOS),69,0,5.25,0,0
TXN-100339,CUST-1071,146.33,POS Swipe,2026-08-18 12:58:49,19,"Berlin, DE",Travel & Airlines,Known Mobile (iOS),8,0,7.59,0,0
TXN-100340,CUST-1373,16.66,Online Checkout,2026-09-10 20:26:26,39,"London, UK",Department Store,New Unrecognized Device,35,0,1.58,0,0
TXN-100341,CUST-1316,86.87,Online Checkout,2026-08-30 15:14:43,4,"London, UK",Utilities & Bills,Known Mobile (Android),64,0,3.8,0,0
TXN-100342,CUST-1243,443.6,Online Checkout,2026-08-25 09:26:48,2,"Moscow, RU",Department Store,Known Mobile (iOS),25,0,0.62,2,0
TXN-100343,CUST-1167,290.42,Mobile Banking,2026-09-01 12:49:02,78,"Sydney, AU",Grocery & Supermarket,Known Mobile (iOS),78,0,4.62,0,0
TXN-100344,CUST-1020,26.94,POS Swipe,2026-09-27 13:56:02,113,Domestic Domestic,Grocery & Supermarket,Known Mobile (Android),5,0,4.18,0,0
TXN-100345,CUST-1204,55.36,Mobile Banking,2026-09-06 13:27:18,79,"Moscow, RU",Utilities & Bills,New Unrecognized Device,59,0,3.67,0,0
TXN-100346,CUST-1357,321.6,POS Swipe,2026-09-20 12:28:01,23,"Toronto, CA",Restaurants,New Unrecognized Device,58,0,2.66,0,0
TXN-100347,CUST-1376,24.54,Online Checkout,2026-08-15 18:40:23,11,"Toronto, CA",Grocery & Supermarket,Known Desktop (Chrome),65,0,1.36,0,0
TXN-100348,CUST-1172,14426.29,Wire Transfer,2026-08-20 08:09:11,99,"Berlin, DE",Grocery & Supermarket,Known Mobile (iOS),57,0,1.53,1,1
TXN-100349,CUST-1392,272.54,Online Checkout,2026-09-28 13:31:34,104,"New York, US",Restaurants,Known Mobile (iOS),75,0,3.68,0,1
TXN-100350,CUST-1281,363.29,Online Checkout,2026-08-27 05:09:03,84,"London, UK",Electronics,Known Mobile (iOS),73,0,2.46,2,0
TXN-100351,CUST-1092,148.66,Online Checkout,2026-09-06 16:44:44,77,"Toronto, CA",Travel & Airlines,Rooted/Jailbroken Phone,74,0,0.38,0,0
TXN-100352,CUST-1035,881.08,ATM Withdrawal,2026-08-09 10:08:07,89,"Tokyo, JP",Grocery & Supermarket,Known Mobile (Android),26,0,4.94,0,0
TXN-100353,CUST-1045,226.49,POS Swipe,2026-09-06 12:54:20,34,"Toronto, CA",Department Store,Known Mobile (Android),16,0,4.02,0,0
TXN-100354,CUST-1313,153.54,Online Checkout,2026-09-07 23:00:07,4,"Toronto, CA",Utilities & Bills,Known Desktop (Chrome),26,0,7.99,0,0
TXN-100355,CUST-1327,258.17,Online Checkout,2026-08-26 17:16:50,9,"London, UK",Grocery & Supermarket,Known Mobile (iOS),0,0,2.73,0,0
TXN-100356,CUST-1090,210.8,Online Checkout,2026-09-13 21:30:58,61,"Sydney, AU",Travel & Airlines,Known Mobile (Android),80,0,6.94,1,0
TXN-100357,CUST-1381,1625.31,Online Checkout,2026-09-08 15:43:20,72,"Toronto, CA",Jewelry & Luxury,Known Desktop (Chrome),45,0,1.28,1,1
TXN-100358,CUST-1085,5887.96,Wire Transfer,2026-09-19 08:07:55,101,"Sydney, AU",Utilities & Bills,Known Mobile (iOS),4,0,0.79,1,0
TXN-100359,CUST-1155,156.35,Online Checkout,2026-09-08 08:23:50,5,"Sydney, AU",Restaurants,Known Mobile (Android),3,0,7.25,0,0
TXN-100360,CUST-1269,237.44,POS Swipe,2026-09-11 08:55:06,106,Domestic Domestic,Grocery & Supermarket,Headless Browser / Bot,26,0,3.73,0,1
TXN-100361,CUST-1023,3408.05,Wire Transfer,2026-08-12 10:56:02,14,"Toronto, CA",Utilities & Bills,Known Mobile (iOS),73,0,5.15,0,0
TXN-100362,CUST-1273,1329.08,POS Swipe,2026-09-26 17:17:09,21,"London, UK",Electronics,Known Mobile (Android),65,0,4.39,0,0
TXN-100363,CUST-1146,3095.25,Wire Transfer,2026-08-22 06:39:57,44,"Toronto, CA",Electronics,Known Mobile (iOS),6,0,0.53,0,0
TXN-100364,CUST-1304,2411.03,Wire Transfer,2026-09-27 16:19:21,105,"New York, US",Utilities & Bills,Known Desktop (Chrome),10,1,6.07,0,0
TXN-100365,CUST-1240,413.18,Online Checkout,2026-09-09 17:45:49,60,"Toronto, CA",Department Store,Known Mobile (iOS),78,0,2.97,0,0
TXN-100366,CUST-1167,3257.09,POS Swipe,2026-08-04 06:07:22,62,"Toronto, CA",Jewelry & Luxury,Known Desktop (Chrome),77,0,4.11,0,0
TXN-100367,CUST-1285,9069.07,Wire Transfer,2026-09-08 14:25:37,53,"New York, US",Crypto & Gambling,Known Mobile (iOS),61,0,2.79,1,0
TXN-100368,CUST-1279,3054.52,Wire Transfer,2026-08-23 17:04:47,120,"Berlin, DE",Restaurants,Known Mobile (iOS),76,0,4.49,1,0
TXN-100369,CUST-1036,4726.8,Wire Transfer,2026-09-18 10:41:42,8,"New York, US",Restaurants,New Unrecognized Device,0,0,5.32,0,1
TXN-100370,CUST-1229,232.14,Online Checkout,2026-09-10 10:50:58,87,"London, UK",Department Store,Known Mobile (Android),44,2,4.7,0,0
TXN-100371,CUST-1151,175.34,Online Checkout,2026-08-07 00:35:52,46,"New York, US",Grocery & Supermarket,Known Mobile (iOS),55,0,3.21,0,0
TXN-100372,CUST-1280,36.93,Online Checkout,2026-08-23 13:12:35,50,"Tokyo, JP",Grocery & Supermarket,Known Mobile (Android),36,2,5.39,0,1
TXN-100373,CUST-1250,12391.04,Wire Transfer,2026-08-18 06:41:51,54,"Tokyo, JP",Restaurants,Known Desktop (Chrome),54,0,3.69,0,0
TXN-100374,CUST-1218,2140.88,Wire Transfer,2026-10-03 20:15:45,65,"London, UK",Department Store,Known Mobile (Android),4,1,4.59,0,0
TXN-100375,CUST-1354,277.8,Online Checkout,2026-09-05 13:05:33,114,"Berlin, DE",Crypto & Gambling,Known Mobile (Android),9,0,4.36,0,0
TXN-100376,CUST-1274,904.32,ATM Withdrawal,2026-09-30 13:57:30,74,"Sydney, AU",Grocery & Supermarket,Rooted/Jailbroken Phone,37,0,0.38,2,0
TXN-100377,CUST-1032,2421.81,Wire Transfer,2026-08-22 15:42:18,104,"Sydney, AU",Electronics,Known Mobile (Android),16,0,6.83,0,0
TXN-100378,CUST-1132,239.69,Online Checkout,2026-08-15 15:58:37,95,"New York, US",Grocery & Supermarket,Known Desktop (Chrome),33,0,1.97,0,0
TXN-100379,CUST-1044,9812.79,Crypto Exchange,2026-08-20 20:48:26,99,"London, UK",Utilities & Bills,Known Desktop (Chrome),21,0,5.9,0,1
TXN-100380,CUST-1205,417.61,POS Swipe,2026-09-30 18:48:59,69,"New York, US",Utilities & Bills,Known Mobile (Android),33,0,6.98,0,0
TXN-100381,CUST-1348,296.18,POS Swipe,2026-08-06 07:34:40,46,High-Risk IP Proxy,Grocery & Supermarket,New Unrecognized Device,34,0,2.21,0,1
TXN-100382,CUST-1384,2089.85,Online Checkout,2026-08-25 14:43:44,24,"London, UK",Electronics,Known Mobile (iOS),8,0,0.87,0,0
TXN-100383,CUST-1146,62.81,Online Checkout,2026-08-05 02:05:03,77,"Berlin, DE",Restaurants,Rooted/Jailbroken Phone,15,0,1.05,1,0
TXN-100384,CUST-1290,1086.0,ATM Withdrawal,2026-08-24 20:44:11,33,"London, UK",Utilities & Bills,Known Mobile (iOS),58,0,2.28,0,0
TXN-100385,CUST-1166,1022.91,Online Checkout,2026-08-10 10:03:24,50,"London, UK",Electronics,Rooted/Jailbroken Phone,33,0,0.65,3,1
TXN-100386,CUST-1331,350.87,POS Swipe,2026-08-19 14:27:13,79,"Berlin, DE",Restaurants,Known Desktop (Chrome),13,0,0.66,0,0
TXN-100387,CUST-1255,199.05,Online Checkout,2026-08-01 21:42:24,35,"New York, US",Grocery & Supermarket,Known Mobile (Android),0,0,7.53,0,0
TXN-100388,CUST-1400,1196.48,ATM Withdrawal,2026-08-09 14:00:24,89,"Tokyo, JP",Grocery & Supermarket,Known Mobile (Android),45,0,2.49,0,0
TXN-100389,CUST-1188,614.44,POS Swipe,2026-09-13 06:29:48,99,"London, UK",Jewelry & Luxury,Known Mobile (Android),49,0,2.46,0,0
TXN-100390,CUST-1250,242.6,Online Checkout,2026-09-26 18:08:02,25,"New York, US",Department Store,Known Mobile (iOS),49,0,4.37,0,0
TXN-100391,CUST-1231,2659.83,Crypto Exchange,2026-08-03 03:03:21,101,"Sydney, AU",Grocery & Supermarket,Known Mobile (iOS),66,0,5.46,1,0
TXN-100392,CUST-1019,956.56,ATM Withdrawal,2026-10-02 17:30:58,118,"Berlin, DE",Crypto & Gambling,Known Mobile (Android),1,0,0.49,0,0
TXN-100393,CUST-1088,306.89,Mobile Banking,2026-08-09 19:06:07,64,"Toronto, CA",Travel & Airlines,Known Mobile (iOS),25,0,6.51,3,1
TXN-100394,CUST-1295,2557.32,POS Swipe,2026-09-11 19:50:13,98,"New York, US",Jewelry & Luxury,Known Mobile (iOS),35,0,3.38,0,0
TXN-100395,CUST-1298,2732.73,Online Checkout,2026-08-13 19:40:39,49,"Sydney, AU",Electronics,Known Mobile (Android),0,0,7.42,0,0
TXN-100396,CUST-1356,609.87,ATM Withdrawal,2026-09-30 17:13:09,82,"London, UK",Grocery & Supermarket,Known Mobile (iOS),22,0,0.4,0,0
TXN-100397,CUST-1322,102.58,Mobile Banking,2026-09-08 11:00:35,31,"New York, US",Department Store,Rooted/Jailbroken Phone,79,0,6.11,0,0
TXN-100398,CUST-1142,1243.51,Online Checkout,2026-08-15 19:43:54,117,"Toronto, CA",Jewelry & Luxury,Known Desktop (Chrome),5,0,2.98,0,0
TXN-100399,CUST-1389,1567.98,POS Swipe,2026-08-14 18:59:34,23,"New York, US",Electronics,Known Mobile (Android),9,0,5.8,0,0
TXN-100400,CUST-1347,198.96,Mobile Banking,2026-08-30 19:20:14,13,"New York, US",Grocery & Supermarket,Known Mobile (iOS),28,0,4.72,0,0
TXN-100401,CUST-1313,54.44,POS Swipe,2026-09-19 11:29:46,25,"Berlin, DE",Department Store,Known Mobile (iOS),16,0,4.59,0,0
TXN-100402,CUST-1215,188.2,Online Checkout,2026-09-13 09:18:38,21,"Sydney, AU",Travel & Airlines,Known Mobile (Android),21,0,4.47,0,0
TXN-100403,CUST-1111,8818.66,Wire Transfer,2026-09-29 10:46:27,95,"Lagos, NG",Crypto & Gambling,Known Mobile (Android),28,0,4.77,0,1
TXN-100404,CUST-1023,10.53,Online Checkout,2026-09-30 18:32:02,55,"Toronto, CA",Grocery & Supermarket,Known Desktop (Chrome),12,0,2.0,0,0
TXN-100405,CUST-1112,3507.48,Online Checkout,2026-09-07 09:05:01,62,"Berlin, DE",Jewelry & Luxury,Known Mobile (Android),73,0,0.29,0,0
TXN-100406,CUST-1208,3186.54,Online Checkout,2026-09-17 16:45:40,1,"Tokyo, JP",Electronics,New Unrecognized Device,42,0,2.44,0,0
TXN-100407,CUST-1107,451.37,ATM Withdrawal,2026-08-11 16:21:47,120,"New York, US",Department Store,Known Desktop (Chrome),6,0,2.99,0,0
TXN-100408,CUST-1287,917.85,ATM Withdrawal,2026-08-27 07:21:15,70,"New York, US",Grocery & Supermarket,New Unrecognized Device,74,0,5.65,0,0
TXN-100409,CUST-1137,135.06,POS Swipe,2026-09-24 10:04:23,45,"Toronto, CA",Grocery & Supermarket,Known Desktop (Chrome),60,0,5.46,0,0
TXN-100410,CUST-1345,225.87,Mobile Banking,2026-08-09 08:56:29,12,"New York, US",Restaurants,Known Mobile (iOS),9,0,2.28,0,0
TXN-100411,CUST-1267,108.39,Mobile Banking,2026-08-03 10:43:34,120,"New York, US",Grocery & Supermarket,Known Mobile (Android),2,0,0.6,1,0
TXN-100412,CUST-1331,141.39,POS Swipe,2026-09-13 17:50:20,63,"Toronto, CA",Utilities & Bills,Known Desktop (Chrome),56,0,4.58,1,0
TXN-100413,CUST-1117,378.5,POS Swipe,2026-09-06 19:03:09,46,"London, UK",Department Store,Known Mobile (Android),20,0,2.35,3,0
TXN-100414,CUST-1342,194.57,ATM Withdrawal,2026-08-21 09:02:20,74,"New York, US",Crypto & Gambling,Known Mobile (iOS),71,0,5.36,3,1
TXN-100415,CUST-1084,152.42,POS Swipe,2026-08-16 21:25:59,64,"Sydney, AU",Department Store,New Unrecognized Device,19,0,5.93,3,1
TXN-100416,CUST-1243,183.73,Mobile Banking,2026-08-19 19:46:58,119,"London, UK",Utilities & Bills,Known Desktop (Chrome),5,0,4.45,0,0
TXN-100417,CUST-1229,303.84,POS Swipe,2026-09-11 05:41:12,75,"Toronto, CA",Utilities & Bills,Known Desktop (Chrome),25,0,4.35,0,0
TXN-100418,CUST-1263,161.35,POS Swipe,2026-10-02 10:38:32,8,"Lagos, NG",Grocery & Supermarket,Known Mobile (iOS),54,0,3.05,0,0
TXN-100419,CUST-1288,271.08,Online Checkout,2026-09-26 18:26:51,57,"London, UK",Restaurants,Rooted/Jailbroken Phone,54,0,3.37,1,1
TXN-100420,CUST-1269,13765.65,Crypto Exchange,2026-08-09 21:37:48,49,"New York, US",Grocery & Supermarket,New Unrecognized Device,53,0,3.75,0,1
TXN-100421,CUST-1149,9788.05,Wire Transfer,2026-08-06 19:19:53,75,"London, UK",Travel & Airlines,Known Mobile (Android),3,0,1.32,0,1
TXN-100422,CUST-1341,2046.9,Mobile Banking,2026-09-23 08:58:44,83,"New York, US",Electronics,Known Mobile (iOS),8,0,2.96,0,0
TXN-100423,CUST-1352,380.06,POS Swipe,2026-08-16 11:46:36,3,"Tokyo, JP",Jewelry & Luxury,Known Mobile (iOS),40,0,5.58,0,0
TXN-100424,CUST-1326,148.56,Mobile Banking,2026-09-15 05:18:33,82,"Moscow, RU",Grocery & Supermarket,Known Desktop (Chrome),23,0,4.83,0,0
TXN-100425,CUST-1351,421.57,ATM Withdrawal,2026-09-04 17:44:23,13,"Toronto, CA",Grocery & Supermarket,Known Mobile (iOS),17,0,3.05,0,0
TXN-100426,CUST-1053,190.72,Online Checkout,2026-10-04 09:12:50,115,"Toronto, CA",Utilities & Bills,Rooted/Jailbroken Phone,68,0,5.65,1,1
TXN-100427,CUST-1060,53.94,ATM Withdrawal,2026-08-03 13:19:44,47,"New York, US",Grocery & Supermarket,Headless Browser / Bot,66,0,2.8,0,0
TXN-100428,CUST-1114,334.95,Online Checkout,2026-08-19 17:19:08,27,"New York, US",Electronics,Known Desktop (Chrome),14,0,6.22,0,0
TXN-100429,CUST-1338,87.23,POS Swipe,2026-08-08 13:58:16,6,"New York, US",Utilities & Bills,Known Desktop (Chrome),15,0,1.72,1,0
TXN-100430,CUST-1047,11.22,Online Checkout,2026-09-05 22:22:22,21,"Tokyo, JP",Utilities & Bills,Known Mobile (Android),64,0,0.88,0,0
TXN-100431,CUST-1099,14387.34,Crypto Exchange,2026-08-22 21:34:00,93,"New York, US",Jewelry & Luxury,Known Mobile (Android),60,0,4.76,0,1
TXN-100432,CUST-1195,1577.3,POS Swipe,2026-10-05 09:07:48,41,"New York, US",Electronics,Known Mobile (iOS),46,0,4.5,0,0
TXN-100433,CUST-1146,422.89,POS Swipe,2026-09-09 17:53:28,29,"Toronto, CA",Grocery & Supermarket,New Unrecognized Device,24,0,7.17,1,1
TXN-100434,CUST-1346,883.95,POS Swipe,2026-08-14 12:33:42,87,"New York, US",Electronics,Known Mobile (Android),75,1,5.96,1,1
TXN-100435,CUST-1103,6303.42,Wire Transfer,2026-09-21 07:53:27,93,"Toronto, CA",Utilities & Bills,Known Desktop (Chrome),75,0,6.34,0,0
TXN-100436,CUST-1208,7722.96,Crypto Exchange,2026-10-05 10:49:29,14,"New York, US",Grocery & Supermarket,Known Mobile (iOS),17,0,5.93,1,1
TXN-100437,CUST-1310,4294.15,Wire Transfer,2026-08-20 10:39:06,98,"New York, US",Utilities & Bills,Known Desktop (Chrome),59,0,5.33,0,1
TXN-100438,CUST-1280,351.83,Online Checkout,2026-08-05 23:56:58,16,"London, UK",Grocery & Supermarket,Known Mobile (Android),58,0,1.5,0,0
TXN-100439,CUST-1085,230.47,POS Swipe,2026-08-18 10:24:31,98,"New York, US",Utilities & Bills,Known Desktop (Chrome),69,0,3.86,1,0
TXN-100440,CUST-1254,13424.47,Wire Transfer,2026-09-18 16:22:49,37,"London, UK",Electronics,Known Mobile (iOS),46,0,5.96,0,1
TXN-100441,CUST-1177,8307.04,Crypto Exchange,2026-09-22 11:42:15,32,"New York, US",Grocery & Supermarket,Known Mobile (iOS),8,0,1.0,0,0
TXN-100442,CUST-1217,10289.11,Wire Transfer,2026-09-23 09:44:30,76,"New York, US",Grocery & Supermarket,Known Mobile (Android),41,0,6.49,0,1
TXN-100443,CUST-1392,8816.05,Wire Transfer,2026-08-22 16:23:27,26,"Toronto, CA",Restaurants,Known Desktop (Chrome),68,0,2.19,0,0
TXN-100444,CUST-1048,530.83,ATM Withdrawal,2026-08-13 15:17:04,73,"Tokyo, JP",Grocery & Supermarket,Known Mobile (iOS),9,0,2.48,1,0
TXN-100445,CUST-1103,433.14,POS Swipe,2026-09-02 16:29:42,98,"Toronto, CA",Restaurants,Known Mobile (Android),66,0,4.66,0,0
TXN-100446,CUST-1240,187.57,Online Checkout,2026-09-25 21:46:40,8,"Toronto, CA",Grocery & Supermarket,Known Mobile (iOS),19,0,6.15,1,0
TXN-100447,CUST-1033,5002.84,Wire Transfer,2026-09-22 09:18:41,21,"London, UK",Travel & Airlines,Known Mobile (Android),14,0,0.32,0,0
TXN-100448,CUST-1224,353.09,POS Swipe,2026-08-05 09:17:08,4,"London, UK",Restaurants,Known Desktop (Chrome),22,0,0.43,0,0
TXN-100449,CUST-1043,58.69,POS Swipe,2026-09-08 20:57:26,115,"London, UK",Utilities & Bills,Known Mobile (iOS),17,0,4.61,0,0
TXN-100450,CUST-1298,421.3,Mobile Banking,2026-09-02 13:05:15,77,"New York, US",Restaurants,Known Mobile (iOS),74,0,6.47,0,0
TXN-100451,CUST-1055,433.68,Online Checkout,2026-09-05 12:16:55,76,"New York, US",Travel & Airlines,Known Desktop (Chrome),14,0,3.45,0,0
TXN-100452,CUST-1075,250.96,POS Swipe,2026-09-17 19:01:41,116,"Berlin, DE",Restaurants,Known Desktop (Chrome),6,0,6.33,0,0
TXN-100453,CUST-1359,137.35,POS Swipe,2026-08-16 14:15:54,57,"London, UK",Restaurants,Known Mobile (Android),32,0,7.5,0,0
TXN-100454,CUST-1083,324.24,Mobile Banking,2026-09-10 20:49:41,53,"Sydney, AU",Crypto & Gambling,Known Mobile (iOS),62,0,3.36,1,0
TXN-100455,CUST-1052,202.32,Mobile Banking,2026-09-03 14:22:26,78,"Sydney, AU",Travel & Airlines,Known Mobile (iOS),3,0,5.17,0,0
TXN-100456,CUST-1002,147.13,POS Swipe,2026-09-09 10:05:07,21,"New York, US",Utilities & Bills,Known Desktop (Chrome),16,0,5.52,0,0
TXN-100457,CUST-1377,1126.52,Online Checkout,2026-08-23 17:52:20,103,"London, UK",Electronics,Known Mobile (Android),50,0,7.56,1,0
TXN-100458,CUST-1286,2966.78,Wire Transfer,2026-08-30 21:29:12,34,"Berlin, DE",Jewelry & Luxury,Known Mobile (Android),54,0,1.28,2,1
TXN-100459,CUST-1270,3875.07,POS Swipe,2026-09-28 19:31:07,29,"Berlin, DE",Jewelry & Luxury,New Unrecognized Device,34,0,4.0,0,0
TXN-100460,CUST-1145,560.63,ATM Withdrawal,2026-08-25 12:26:50,19,"New York, US",Department Store,Known Mobile (iOS),57,0,3.02,0,1
TXN-100461,CUST-1069,409.16,Mobile Banking,2026-09-20 17:45:24,91,"London, UK",Travel & Airlines,Known Mobile (iOS),71,0,2.73,0,0
TXN-100462,CUST-1344,7646.18,Crypto Exchange,2026-08-06 00:32:39,49,"London, UK",Grocery & Supermarket,Known Mobile (Android),71,0,1.52,0,0
TXN-100463,CUST-1240,3964.67,Online Checkout,2026-09-10 18:27:09,34,"New York, US",Electronics,Known Mobile (iOS),35,0,7.42,0,0
TXN-100464,CUST-1390,20.96,Mobile Banking,2026-09-10 12:10:20,95,Domestic Domestic,Utilities & Bills,Known Mobile (iOS),56,0,1.27,0,0
TXN-100465,CUST-1362,60.03,POS Swipe,2026-08-15 23:59:31,6,"London, UK",Department Store,Known Mobile (Android),58,0,6.78,1,0
TXN-100466,CUST-1146,39.19,Online Checkout,2026-08-22 18:52:17,73,"Lagos, NG",Travel & Airlines,Known Mobile (Android),0,0,4.61,0,0
TXN-100467,CUST-1347,298.49,Online Checkout,2026-09-12 02:43:43,16,"London, UK",Travel & Airlines,Rooted/Jailbroken Phone,41,0,0.74,1,0
TXN-100468,CUST-1305,4602.83,Wire Transfer,2026-09-12 22:41:39,58,"London, UK",Utilities & Bills,Known Desktop (Chrome),72,0,6.92,1,0
TXN-100469,CUST-1281,339.89,Mobile Banking,2026-09-18 06:16:11,31,High-Risk IP Proxy,Restaurants,Known Mobile (iOS),26,0,6.26,0,0
TXN-100470,CUST-1252,728.4,ATM Withdrawal,2026-09-09 21:38:08,46,"Berlin, DE",Restaurants,Known Mobile (Android),62,0,3.17,0,0
TXN-100471,CUST-1217,119.08,ATM Withdrawal,2026-08-24 12:27:05,6,"Toronto, CA",Department Store,Known Desktop (Chrome),19,0,4.27,0,0
TXN-100472,CUST-1041,52.9,Mobile Banking,2026-10-01 10:08:43,116,"London, UK",Crypto & Gambling,Known Mobile (Android),72,0,0.7,0,0
TXN-100473,CUST-1049,1960.69,POS Swipe,2026-09-02 11:37:05,99,"Toronto, CA",Electronics,Known Desktop (Chrome),22,0,6.76,0,0
TXN-100474,CUST-1161,4260.11,Wire Transfer,2026-09-28 18:28:39,104,"London, UK",Department Store,New Unrecognized Device,23,0,0.72,3,1
TXN-100475,CUST-1223,279.45,POS Swipe,2026-08-01 12:00:10,84,"Toronto, CA",Utilities & Bills,New Unrecognized Device,77,0,2.49,1,0
TXN-100476,CUST-1354,6818.93,Wire Transfer,2026-09-08 06:08:00,25,"New York, US",Electronics,Rooted/Jailbroken Phone,3,0,5.22,0,1
TXN-100477,CUST-1276,2695.73,Online Checkout,2026-09-08 19:09:30,55,"New York, US",Jewelry & Luxury,Known Mobile (iOS),56,1,3.82,1,1
TXN-100478,CUST-1292,134.39,Mobile Banking,2026-09-20 05:00:06,81,"Tokyo, JP",Grocery & Supermarket,Known Mobile (Android),63,0,4.81,0,0
TXN-100479,CUST-1249,292.55,POS Swipe,2026-10-02 09:03:33,3,"London, UK",Grocery & Supermarket,Known Mobile (iOS),53,0,1.02,0,0
TXN-100480,CUST-1224,2187.83,Online Checkout,2026-09-06 18:30:22,57,"New York, US",Jewelry & Luxury,New Unrecognized Device,43,0,6.84,0,1
TXN-100481,CUST-1371,807.13,ATM Withdrawal,2026-09-23 19:43:41,95,"London, UK",Grocery & Supermarket,Rooted/Jailbroken Phone,20,0,2.33,0,0
TXN-100482,CUST-1103,373.44,Online Checkout,2026-10-02 07:26:31,39,"New York, US",Travel & Airlines,Headless Browser / Bot,45,0,2.92,0,0
TXN-100483,CUST-1017,1077.65,ATM Withdrawal,2026-09-13 12:39:14,16,"Toronto, CA",Grocery & Supermarket,Headless Browser / Bot,45,0,6.18,0,0
TXN-100484,CUST-1310,8655.86,Wire Transfer,2026-08-07 21:28:51,59,High-Risk IP Proxy,Utilities & Bills,Rooted/Jailbroken Phone,78,0,6.88,0,1
TXN-100485,CUST-1086,2283.26,Wire Transfer,2026-08-27 21:10:46,38,"Berlin, DE",Utilities & Bills,Known Mobile (Android),12,0,2.97,1,0
TXN-100486,CUST-1213,909.14,ATM Withdrawal,2026-08-01 09:51:30,44,"London, UK",Jewelry & Luxury,Known Mobile (iOS),53,0,5.35,0,0
TXN-100487,CUST-1117,235.22,Online Checkout,2026-09-24 12:26:57,59,High-Risk IP Proxy,Grocery & Supermarket,Known Desktop (Chrome),3,0,6.18,0,1
TXN-100488,CUST-1206,13199.29,Crypto Exchange,2026-08-22 12:25:48,5,"Berlin, DE",Travel & Airlines,New Unrecognized Device,7,1,7.84,0,1
TXN-100489,CUST-1215,247.27,POS Swipe,2026-09-08 18:20:58,45,"New York, US",Crypto & Gambling,Known Mobile (Android),18,0,3.62,0,0
TXN-100490,CUST-1334,61.07,POS Swipe,2026-09-14 20:50:41,52,"Sydney, AU",Restaurants,Known Mobile (iOS),68,0,5.83,0,0
TXN-100491,CUST-1146,3310.32,Online Checkout,2026-10-05 14:33:21,97,"Berlin, DE",Electronics,New Unrecognized Device,69,0,2.01,0,0
TXN-100492,CUST-1057,298.59,ATM Withdrawal,2026-09-17 09:32:22,16,"New York, US",Utilities & Bills,Known Mobile (iOS),38,0,0.14,0,0
TXN-100493,CUST-1298,8944.35,Wire Transfer,2026-08-30 11:18:42,101,"Tokyo, JP",Travel & Airlines,Known Mobile (iOS),48,0,2.06,0,0
TXN-100494,CUST-1051,2407.41,Online Checkout,2026-09-24 19:05:05,8,"London, UK",Electronics,Known Mobile (iOS),9,0,4.26,0,0
TXN-100495,CUST-1136,10715.61,Wire Transfer,2026-09-24 23:44:59,63,"Sydney, AU",Grocery & Supermarket,Known Mobile (iOS),64,0,5.72,0,0
TXN-100496,CUST-1243,140.69,Online Checkout,2026-08-21 21:23:58,16,"Berlin, DE",Grocery & Supermarket,Known Mobile (iOS),73,0,4.23,0,0
TXN-100497,CUST-1151,160.15,POS Swipe,2026-08-19 08:37:26,7,"Moscow, RU",Grocery & Supermarket,Known Mobile (iOS),23,0,3.96,0,0
TXN-100498,CUST-1214,205.22,POS Swipe,2026-09-09 15:57:21,101,"London, UK",Restaurants,Known Desktop (Chrome),16,0,4.09,0,0
TXN-100499,CUST-1373,259.54,POS Swipe,2026-09-22 11:57:25,44,"Toronto, CA",Department Store,New Unrecognized Device,35,0,6.94,0,0
TXN-100500,CUST-1363,58.53,POS Swipe,2026-08-16 16:05:12,80,"Toronto, CA",Utilities & Bills,Rooted/Jailbroken Phone,66,0,3.86,1,0
TXN-100501,CUST-1010,251.2,Online Checkout,2026-08-27 09:45:53,114,"Toronto, CA",Electronics,Known Mobile (Android),41,0,0.46,1,0
TXN-100502,CUST-1213,31.22,Online Checkout,2026-09-10 11:05:07,13,"Toronto, CA",Grocery & Supermarket,Known Mobile (iOS),11,0,7.62,0,0
TXN-100503,CUST-1093,110.24,Online Checkout,2026-08-08 10:06:20,19,"London, UK",Grocery & Supermarket,Known Mobile (Android),15,0,1.99,0,0
TXN-100504,CUST-1259,265.85,POS Swipe,2026-08-15 09:20:29,71,"London, UK",Grocery & Supermarket,Known Mobile (Android),29,0,0.25,0,0
TXN-100505,CUST-1391,8294.27,Wire Transfer,2026-08-17 10:26:28,11,"Tokyo, JP",Grocery & Supermarket,Known Desktop (Chrome),18,0,7.88,0,1
TXN-100506,CUST-1232,4496.7,Online Checkout,2026-09-29 22:39:18,84,Domestic Domestic,Electronics,New Unrecognized Device,61,0,2.08,0,0
TXN-100507,CUST-1262,229.65,Online Checkout,2026-08-21 18:36:04,39,"New York, US",Utilities & Bills,Known Desktop (Chrome),71,2,7.04,0,0
TXN-100508,CUST-1176,13570.95,Wire Transfer,2026-09-27 10:42:20,44,"New York, US",Department Store,Known Mobile (iOS),17,0,0.12,0,0
TXN-100509,CUST-1357,996.41,ATM Withdrawal,2026-09-20 14:50:56,84,"Berlin, DE",Travel & Airlines,New Unrecognized Device,56,0,2.89,1,0
TXN-100510,CUST-1091,3700.82,Mobile Banking,2026-08-02 07:23:59,25,"London, UK",Jewelry & Luxury,Known Mobile (iOS),35,0,5.7,0,0
TXN-100511,CUST-1114,128.42,Online Checkout,2026-10-03 22:02:17,64,"Lagos, NG",Utilities & Bills,Known Mobile (iOS),25,1,5.14,0,1
TXN-100512,CUST-1088,835.2,Wire Transfer,2026-08-23 06:08:47,9,"New York, US",Department Store,New Unrecognized Device,66,0,2.27,1,0
TXN-100513,CUST-1348,186.06,POS Swipe,2026-09-02 17:56:29,1,"Moscow, RU",Travel & Airlines,New Unrecognized Device,6,0,2.65,1,1
TXN-100514,CUST-1266,396.64,POS Swipe,2026-09-16 14:02:56,93,"New York, US",Crypto & Gambling,Known Mobile (Android),57,0,3.2,0,0
TXN-100515,CUST-1378,359.76,Online Checkout,2026-09-24 22:58:15,26,"New York, US",Grocery & Supermarket,Known Mobile (Android),12,0,3.51,0,0
TXN-100516,CUST-1129,283.28,Online Checkout,2026-09-30 09:21:53,7,"Tokyo, JP",Grocery & Supermarket,Known Mobile (iOS),9,0,4.99,0,0
TXN-100517,CUST-1044,1976.5,Crypto Exchange,2026-08-05 11:56:54,89,"New York, US",Electronics,New Unrecognized Device,56,0,4.92,0,0
TXN-100518,CUST-1027,280.99,Online Checkout,2026-09-18 12:39:48,53,"New York, US",Travel & Airlines,Known Desktop (Chrome),1,0,3.77,0,0
TXN-100519,CUST-1334,2922.53,Mobile Banking,2026-08-04 13:21:37,25,"New York, US",Electronics,Known Desktop (Chrome),75,0,1.63,0,0
TXN-100520,CUST-1216,70.6,POS Swipe,2026-09-26 08:08:51,6,"New York, US",Grocery & Supermarket,Known Mobile (Android),45,0,7.09,0,0
TXN-100521,CUST-1176,409.28,Online Checkout,2026-08-02 14:42:43,19,"New York, US",Grocery & Supermarket,Known Desktop (Chrome),6,0,1.64,0,0
TXN-100522,CUST-1175,394.87,Online Checkout,2026-09-30 17:29:38,89,"London, UK",Travel & Airlines,Rooted/Jailbroken Phone,78,0,2.7,0,0
TXN-100523,CUST-1254,372.61,Online Checkout,2026-08-01 16:44:14,60,"Berlin, DE",Crypto & Gambling,Known Desktop (Chrome),42,0,3.07,0,1
TXN-100524,CUST-1006,102.43,Online Checkout,2026-08-04 14:09:18,57,"New York, US",Travel & Airlines,Known Desktop (Chrome),5,1,1.67,0,0
TXN-100525,CUST-1090,4222.1,POS Swipe,2026-09-01 08:01:11,108,"London, UK",Electronics,Known Desktop (Chrome),17,0,6.32,0,1
TXN-100526,CUST-1191,14666.23,Wire Transfer,2026-09-25 20:04:07,19,"Lagos, NG",Electronics,Known Mobile (iOS),68,0,3.06,0,1
TXN-100527,CUST-1024,266.9,ATM Withdrawal,2026-08-25 20:18:50,20,"London, UK",Electronics,Known Desktop (Chrome),16,0,7.75,1,0
TXN-100528,CUST-1241,590.29,ATM Withdrawal,2026-08-09 08:24:48,113,"Berlin, DE",Grocery & Supermarket,Known Mobile (Android),59,0,5.73,0,0
TXN-100529,CUST-1243,2635.46,Online Checkout,2026-09-21 16:50:37,84,"New York, US",Jewelry & Luxury,Known Mobile (iOS),30,0,2.52,1,0
TXN-100530,CUST-1282,226.41,Online Checkout,2026-08-11 10:33:22,30,"Toronto, CA",Grocery & Supermarket,Known Mobile (Android),54,0,3.52,0,0
TXN-100531,CUST-1013,36.75,Online Checkout,2026-08-30 09:04:22,116,"New York, US",Restaurants,Known Mobile (Android),10,0,7.42,0,0
TXN-100532,CUST-1103,411.01,POS Swipe,2026-09-12 09:47:52,99,"Berlin, DE",Crypto & Gambling,Known Desktop (Chrome),17,2,6.04,0,1
TXN-100533,CUST-1154,106.27,Online Checkout,2026-09-14 19:25:25,106,"Toronto, CA",Utilities & Bills,Known Mobile (Android),65,1,7.62,1,0
TXN-100534,CUST-1120,171.74,POS Swipe,2026-09-29 18:29:21,102,"New York, US",Restaurants,Known Mobile (Android),53,0,3.65,0,0
TXN-100535,CUST-1066,266.2,POS Swipe,2026-08-02 13:42:53,46,"London, UK",Grocery & Supermarket,Known Desktop (Chrome),51,0,5.56,0,0
TXN-100536,CUST-1017,242.85,Mobile Banking,2026-08-20 23:21:36,81,"Sydney, AU",Restaurants,Known Mobile (Android),50,1,1.71,0,0
TXN-100537,CUST-1056,433.53,POS Swipe,2026-09-27 16:19:05,22,"New York, US",Travel & Airlines,Known Mobile (iOS),77,0,1.57,0,0
TXN-100538,CUST-1120,335.7,Online Checkout,2026-08-09 13:23:33,2,"New York, US",Restaurants,Known Mobile (Android),20,1,1.12,0,0
TXN-100539,CUST-1106,94.76,Online Checkout,2026-08-27 10:52:45,86,"Toronto, CA",Travel & Airlines,New Unrecognized Device,75,0,5.76,0,0
TXN-100540,CUST-1229,413.91,Online Checkout,2026-09-21 16:15:33,43,"Moscow, RU",Restaurants,Known Mobile (Android),73,0,0.82,0,0
TXN-100541,CUST-1365,690.97,ATM Withdrawal,2026-09-20 16:51:54,23,"London, UK",Jewelry & Luxury,Known Mobile (Android),55,0,7.3,0,0
TXN-100542,CUST-1023,677.35,Online Checkout,2026-08-21 10:40:34,38,"Berlin, DE",Electronics,Known Desktop (Chrome),27,0,3.35,0,0
TXN-100543,CUST-1387,181.52,Online Checkout,2026-09-11 12:10:16,27,"Toronto, CA",Grocery & Supermarket,Known Mobile (iOS),59,0,5.99,1,1
TXN-100544,CUST-1059,221.3,ATM Withdrawal,2026-08-18 10:47:29,63,"Toronto, CA",Electronics,Known Desktop (Chrome),56,0,6.58,1,0
TXN-100545,CUST-1052,3086.44,Online Checkout,2026-08-16 14:25:10,10,"Berlin, DE",Electronics,Known Mobile (iOS),56,0,1.81,0,0
TXN-100546,CUST-1357,547.53,Online Checkout,2026-08-14 12:19:28,7,"Toronto, CA",Electronics,Known Mobile (Android),25,0,3.06,0,0
TXN-100547,CUST-1008,148.59,POS Swipe,2026-08-25 17:04:14,113,"New York, US",Restaurants,Known Desktop (Chrome),21,0,4.15,1,0
TXN-100548,CUST-1320,297.79,Online Checkout,2026-09-20 21:07:14,28,"New York, US",Grocery & Supermarket,Known Mobile (iOS),40,0,1.78,0,0
TXN-100549,CUST-1320,117.11,POS Swipe,2026-08-09 20:26:19,99,"Toronto, CA",Department Store,Known Mobile (iOS),68,0,7.39,0,0
TXN-100550,CUST-1167,755.91,Crypto Exchange,2026-09-19 17:49:44,18,"London, UK",Travel & Airlines,New Unrecognized Device,40,1,5.36,0,0
TXN-100551,CUST-1262,1368.88,Wire Transfer,2026-08-30 13:45:00,30,"New York, US",Utilities & Bills,Known Mobile (iOS),30,0,6.08,0,0
TXN-100552,CUST-1152,22.63,Online Checkout,2026-09-18 09:02:15,119,"Sydney, AU",Department Store,Known Mobile (Android),42,0,2.61,0,0
TXN-100553,CUST-1213,13154.23,Wire Transfer,2026-09-06 18:14:54,94,"London, UK",Crypto & Gambling,Known Mobile (Android),31,0,5.6,0,1
TXN-100554,CUST-1094,419.66,POS Swipe,2026-08-01 06:31:04,25,"New York, US",Department Store,New Unrecognized Device,16,0,4.78,1,0
TXN-100555,CUST-1041,352.67,POS Swipe,2026-09-29 10:46:12,32,"London, UK",Travel & Airlines,Known Mobile (iOS),73,0,5.12,0,0
TXN-100556,CUST-1185,342.69,POS Swipe,2026-08-22 13:27:32,79,"Sydney, AU",Utilities & Bills,Known Desktop (Chrome),61,0,3.11,1,0
TXN-100557,CUST-1305,89.38,POS Swipe,2026-08-23 09:29:19,59,"London, UK",Travel & Airlines,Known Mobile (Android),42,0,3.81,0,1
TXN-100558,CUST-1257,166.88,ATM Withdrawal,2026-09-17 13:59:26,51,Domestic Domestic,Grocery & Supermarket,Known Mobile (Android),75,0,7.09,4,0
TXN-100559,CUST-1391,112.85,POS Swipe,2026-09-02 19:48:46,45,"Toronto, CA",Grocery & Supermarket,Known Desktop (Chrome),7,0,7.42,0,0
TXN-100560,CUST-1186,678.89,Wire Transfer,2026-08-04 17:41:09,34,"Berlin, DE",Department Store,Known Mobile (iOS),31,0,7.62,1,0
TXN-100561,CUST-1330,797.01,ATM Withdrawal,2026-09-19 12:37:57,11,"Toronto, CA",Jewelry & Luxury,Known Mobile (Android),54,0,2.49,2,0
TXN-100562,CUST-1158,600.23,ATM Withdrawal,2026-08-12 07:36:49,103,"London, UK",Electronics,Known Desktop (Chrome),50,0,0.15,0,0
TXN-100563,CUST-1397,12308.37,Wire Transfer,2026-09-23 17:46:27,22,"New York, US",Jewelry & Luxury,Known Mobile (iOS),62,0,7.59,0,1
TXN-100564,CUST-1031,95.83,ATM Withdrawal,2026-08-25 09:57:55,53,"London, UK",Restaurants,Known Mobile (iOS),21,0,0.78,0,0
TXN-100565,CUST-1121,444.17,POS Swipe,2026-08-13 00:17:48,1,"Berlin, DE",Utilities & Bills,Known Mobile (iOS),27,0,0.16,0,0
TXN-100566,CUST-1249,163.43,POS Swipe,2026-09-13 15:21:23,88,"Lagos, NG",Department Store,Known Desktop (Chrome),46,0,3.09,0,0
TXN-100567,CUST-1052,2217.12,Online Checkout,2026-09-21 18:56:59,18,"New York, US",Electronics,Known Mobile (Android),31,0,4.98,0,0
TXN-100568,CUST-1097,41.21,Online Checkout,2026-09-11 01:23:55,6,High-Risk IP Proxy,Utilities & Bills,Known Desktop (Chrome),29,0,3.26,0,1
TXN-100569,CUST-1244,12569.13,Crypto Exchange,2026-08-13 18:18:38,25,"Berlin, DE",Restaurants,New Unrecognized Device,64,0,4.03,0,0
TXN-100570,CUST-1229,418.39,Mobile Banking,2026-10-01 17:15:15,28,"New York, US",Department Store,Known Desktop (Chrome),13,0,5.75,0,0
TXN-100571,CUST-1393,419.64,Online Checkout,2026-09-02 17:57:42,16,"Berlin, DE",Department Store,Known Mobile (Android),62,0,5.57,1,0
TXN-100572,CUST-1308,44.02,Online Checkout,2026-09-13 11:45:47,95,"Sydney, AU",Utilities & Bills,Known Desktop (Chrome),55,0,1.87,0,0
TXN-100573,CUST-1380,6128.11,Wire Transfer,2026-08-25 18:07:36,48,"New York, US",Grocery & Supermarket,Known Mobile (Android),0,0,4.76,0,0
TXN-100574,CUST-1395,2324.27,POS Swipe,2026-08-17 14:38:37,29,"New York, US",Electronics,New Unrecognized Device,40,0,7.55,1,0
TXN-100575,CUST-1075,1160.46,ATM Withdrawal,2026-08-05 15:19:32,89,"New York, US",Department Store,Known Desktop (Chrome),61,0,1.8,0,0
TXN-100576,CUST-1171,3695.3,Online Checkout,2026-08-27 20:59:51,29,"Berlin, DE",Electronics,New Unrecognized Device,22,0,5.85,0,0
TXN-100577,CUST-1012,1862.91,POS Swipe,2026-09-13 12:30:22,97,"London, UK",Electronics,Known Desktop (Chrome),36,0,1.64,1,0
TXN-100578,CUST-1386,903.09,ATM Withdrawal,2026-08-07 20:45:19,59,"Berlin, DE",Travel & Airlines,Known Mobile (Android),61,0,1.24,0,0
TXN-100579,CUST-1005,28.35,POS Swipe,2026-08-14 17:54:09,49,High-Risk IP Proxy,Grocery & Supermarket,Known Desktop (Chrome),7,0,7.8,0,0
TXN-100580,CUST-1304,312.85,POS Swipe,2026-08-20 16:25:15,5,"New York, US",Grocery & Supermarket,Known Mobile (iOS),76,1,5.26,0,0
TXN-100581,CUST-1399,2235.82,POS Swipe,2026-09-18 10:41:28,48,"New York, US",Electronics,Known Mobile (iOS),65,0,4.74,3,0
TXN-100582,CUST-1304,2568.86,Online Checkout,2026-10-01 23:44:27,39,"Toronto, CA",Electronics,Known Mobile (iOS),68,0,6.52,0,0
TXN-100583,CUST-1272,62.32,POS Swipe,2026-08-16 18:13:42,115,"New York, US",Restaurants,Known Desktop (Chrome),0,0,6.42,0,0
TXN-100584,CUST-1083,25.54,Online Checkout,2026-09-02 20:02:05,16,"Toronto, CA",Grocery & Supermarket,Known Mobile (Android),54,1,5.3,0,0
TXN-100585,CUST-1151,1148.67,Wire Transfer,2026-09-26 08:31:44,41,"Toronto, CA",Department Store,Known Mobile (Android),68,0,5.53,0,0
TXN-100586,CUST-1073,407.13,Online Checkout,2026-08-28 22:38:35,28,"Toronto, CA",Crypto & Gambling,Known Desktop (Chrome),54,0,2.11,0,0
TXN-100587,CUST-1043,232.59,Mobile Banking,2026-09-24 21:09:34,27,"New York, US",Utilities & Bills,Headless Browser / Bot,24,0,4.55,0,0
TXN-100588,CUST-1079,153.42,POS Swipe,2026-09-25 11:38:15,10,"London, UK",Travel & Airlines,Known Desktop (Chrome),52,0,5.16,0,0
TXN-100589,CUST-1116,1667.72,Online Checkout,2026-08-13 11:14:24,14,"Sydney, AU",Electronics,Known Mobile (Android),39,0,6.47,0,0
TXN-100590,CUST-1145,9088.5,Wire Transfer,2026-08-13 20:10:20,97,"London, UK",Grocery & Supermarket,Known Desktop (Chrome),68,0,7.07,0,1
TXN-100591,CUST-1366,200.34,Online Checkout,2026-08-17 08:36:47,35,"New York, US",Utilities & Bills,Rooted/Jailbroken Phone,31,0,3.4,0,0
TXN-100592,CUST-1240,542.11,POS Swipe,2026-09-05 22:33:45,113,"Moscow, RU",Jewelry & Luxury,Known Mobile (Android),11,0,3.31,0,1
TXN-100593,CUST-1048,226.52,Online Checkout,2026-08-08 06:18:35,119,"Toronto, CA",Restaurants,Rooted/Jailbroken Phone,54,0,7.47,0,0
TXN-100594,CUST-1273,12438.77,Wire Transfer,2026-09-21 00:12:58,107,"Sydney, AU",Utilities & Bills,Known Desktop (Chrome),44,0,5.94,2,0
TXN-100595,CUST-1311,1799.06,POS Swipe,2026-08-22 17:56:48,68,"Lagos, NG",Jewelry & Luxury,Known Mobile (Android),17,0,7.62,0,1
TXN-100596,CUST-1058,415.76,POS Swipe,2026-09-01 19:54:49,110,"New York, US",Grocery & Supermarket,Known Mobile (iOS),27,0,5.09,0,0
TXN-100597,CUST-1330,326.48,POS Swipe,2026-08-05 21:57:39,109,"Toronto, CA",Grocery & Supermarket,Known Mobile (Android),42,0,0.95,0,0
TXN-100598,CUST-1005,1778.25,Online Checkout,2026-10-02 08:33:32,116,"New York, US",Electronics,Known Mobile (Android),19,0,2.08,0,0
TXN-100599,CUST-1094,974.62,POS Swipe,2026-09-04 07:28:42,108,"London, UK",Electronics,Known Desktop (Chrome),0,0,6.98,0,0
TXN-100600,CUST-1203,322.87,POS Swipe,2026-09-12 21:10:42,26,High-Risk IP Proxy,Department Store,Headless Browser / Bot,15,0,4.45,0,1
TXN-100601,CUST-1392,827.64,ATM Withdrawal,2026-09-21 13:59:47,108,"Tokyo, JP",Electronics,Rooted/Jailbroken Phone,2,0,2.82,0,0
TXN-100602,CUST-1176,122.27,POS Swipe,2026-08-02 12:18:18,63,"New York, US",Grocery & Supermarket,Known Mobile (Android),65,0,2.32,0,0
TXN-100603,CUST-1342,183.57,Mobile Banking,2026-08-26 13:50:51,14,"Berlin, DE",Grocery & Supermarket,Known Mobile (iOS),75,0,1.27,0,0
TXN-100604,CUST-1099,195.05,Mobile Banking,2026-09-24 01:12:05,111,"New York, US",Grocery & Supermarket,Known Mobile (iOS),29,0,3.47,0,0
TXN-100605,CUST-1057,1368.69,Online Checkout,2026-09-05 21:45:26,32,"London, UK",Electronics,Known Mobile (iOS),6,0,2.64,0,0
TXN-100606,CUST-1221,351.57,Online Checkout,2026-10-02 11:19:07,13,"Berlin, DE",Utilities & Bills,Known Desktop (Chrome),16,0,5.96,0,0
TXN-100607,CUST-1191,89.74,Online Checkout,2026-09-05 09:24:05,114,"New York, US",Travel & Airlines,Known Mobile (Android),5,0,7.31,0,0
TXN-100608,CUST-1051,3862.46,Online Checkout,2026-09-13 10:30:48,26,"Toronto, CA",Jewelry & Luxury,Known Mobile (iOS),53,0,2.09,1,0
TXN-100609,CUST-1188,25.22,POS Swipe,2026-08-16 21:04:30,54,"Toronto, CA",Department Store,Known Desktop (Chrome),21,0,5.6,0,0
TXN-100610,CUST-1356,1050.12,Online Checkout,2026-09-20 13:34:55,66,Domestic Domestic,Jewelry & Luxury,Known Desktop (Chrome),49,0,3.18,0,1
TXN-100611,CUST-1293,104.65,Online Checkout,2026-08-02 20:50:32,59,"Toronto, CA",Utilities & Bills,Known Mobile (iOS),28,0,2.22,0,0
TXN-100612,CUST-1150,293.65,Online Checkout,2026-08-19 21:17:59,18,"London, UK",Utilities & Bills,Known Mobile (Android),31,1,1.76,0,0
TXN-100613,CUST-1189,83.65,POS Swipe,2026-09-03 18:26:57,79,"London, UK",Department Store,Known Mobile (Android),1,0,1.83,2,0
TXN-100614,CUST-1276,8934.13,Wire Transfer,2026-08-14 18:44:24,84,"London, UK",Travel & Airlines,Known Mobile (Android),26,0,1.84,0,0
TXN-100615,CUST-1080,293.17,POS Swipe,2026-09-25 11:57:30,12,"Toronto, CA",Grocery & Supermarket,Known Desktop (Chrome),22,0,3.98,0,0
TXN-100616,CUST-1084,364.56,Mobile Banking,2026-09-20 17:12:04,19,"New York, US",Crypto & Gambling,New Unrecognized Device,51,0,4.26,0,0
TXN-100617,CUST-1194,4353.67,POS Swipe,2026-08-15 19:48:53,83,"Moscow, RU",Electronics,Known Desktop (Chrome),34,0,5.06,0,1
TXN-100618,CUST-1055,246.87,POS Swipe,2026-09-13 20:05:12,18,"Toronto, CA",Travel & Airlines,Known Mobile (Android),20,0,3.88,0,0
TXN-100619,CUST-1279,296.64,Online Checkout,2026-08-06 07:18:06,66,"Lagos, NG",Grocery & Supermarket,Known Mobile (iOS),28,0,3.47,0,0
TXN-100620,CUST-1351,403.54,POS Swipe,2026-08-15 13:07:14,14,High-Risk IP Proxy,Grocery & Supermarket,Known Mobile (iOS),42,0,7.39,1,1
TXN-100621,CUST-1092,299.47,POS Swipe,2026-09-12 15:43:27,20,"Lagos, NG",Utilities & Bills,Known Mobile (Android),36,0,0.92,1,0
TXN-100622,CUST-1365,877.52,ATM Withdrawal,2026-08-01 20:09:49,84,"New York, US",Electronics,Known Mobile (Android),61,0,0.99,0,0
TXN-100623,CUST-1166,6056.19,Crypto Exchange,2026-08-24 19:22:20,64,"London, UK",Utilities & Bills,Known Mobile (Android),42,0,7.56,2,0
TXN-100624,CUST-1253,447.29,POS Swipe,2026-08-30 11:37:45,54,"Toronto, CA",Utilities & Bills,Known Desktop (Chrome),28,0,1.96,0,0
TXN-100625,CUST-1286,437.46,POS Swipe,2026-08-18 21:03:58,45,"London, UK",Restaurants,Known Desktop (Chrome),17,0,1.24,1,0
TXN-100626,CUST-1125,37.83,Online Checkout,2026-08-29 05:08:07,90,"Berlin, DE",Grocery & Supermarket,Known Mobile (iOS),54,0,5.64,0,0
TXN-100627,CUST-1081,427.2,Online Checkout,2026-09-16 08:15:04,2,"Toronto, CA",Restaurants,Known Mobile (iOS),23,0,1.21,0,0
TXN-100628,CUST-1370,394.81,POS Swipe,2026-08-02 10:09:03,113,"Berlin, DE",Travel & Airlines,Known Mobile (iOS),20,0,6.68,0,0
TXN-100629,CUST-1133,179.57,Mobile Banking,2026-10-04 10:14:27,120,"New York, US",Department Store,Known Mobile (Android),16,0,3.26,0,0
TXN-100630,CUST-1287,2071.81,Wire Transfer,2026-08-10 19:29:30,41,"Berlin, DE",Grocery & Supermarket,Known Mobile (Android),6,0,5.21,0,0
TXN-100631,CUST-1309,303.6,ATM Withdrawal,2026-09-12 02:18:10,70,"New York, US",Jewelry & Luxury,Known Mobile (iOS),39,0,1.69,2,0
TXN-100632,CUST-1292,5659.64,Wire Transfer,2026-10-01 04:20:05,40,"New York, US",Grocery & Supermarket,Known Mobile (iOS),50,0,2.58,0,0
TXN-100633,CUST-1346,851.32,Online Checkout,2026-09-22 20:32:06,65,"Tokyo, JP",Jewelry & Luxury,Known Mobile (Android),48,0,6.96,0,0
TXN-100634,CUST-1041,275.89,Mobile Banking,2026-08-12 22:14:56,28,"Tokyo, JP",Utilities & Bills,Known Desktop (Chrome),20,2,4.06,4,0
TXN-100635,CUST-1230,199.83,ATM Withdrawal,2026-09-13 10:39:54,56,"New York, US",Utilities & Bills,Known Desktop (Chrome),30,0,4.92,0,0
TXN-100636,CUST-1255,76.86,Online Checkout,2026-08-02 08:55:19,71,"Tokyo, JP",Utilities & Bills,New Unrecognized Device,63,0,2.58,2,0
TXN-100637,CUST-1187,258.09,POS Swipe,2026-08-10 08:49:29,34,Domestic Domestic,Department Store,Known Desktop (Chrome),56,0,1.21,0,0
TXN-100638,CUST-1147,23.99,POS Swipe,2026-08-17 12:32:54,80,High-Risk IP Proxy,Grocery & Supermarket,Known Desktop (Chrome),64,0,7.03,4,1
TXN-100639,CUST-1030,809.6,ATM Withdrawal,2026-09-01 17:35:00,20,"Tokyo, JP",Grocery & Supermarket,Known Mobile (iOS),51,0,1.86,1,0
TXN-100640,CUST-1240,9263.36,Wire Transfer,2026-09-29 07:11:46,14,"Moscow, RU",Department Store,Known Desktop (Chrome),25,0,0.61,0,1
TXN-100641,CUST-1380,3584.58,POS Swipe,2026-09-05 13:34:09,61,"New York, US",Jewelry & Luxury,Known Mobile (Android),76,0,0.59,1,0
TXN-100642,CUST-1109,120.45,Mobile Banking,2026-09-24 09:40:11,11,"New York, US",Crypto & Gambling,Known Mobile (iOS),57,0,4.25,0,0
TXN-100643,CUST-1048,162.84,Mobile Banking,2026-09-24 11:48:19,22,"New York, US",Department Store,Known Mobile (Android),68,0,1.37,0,0
TXN-100644,CUST-1200,227.25,Mobile Banking,2026-08-26 06:42:37,79,"New York, US",Utilities & Bills,Known Desktop (Chrome),40,0,7.18,2,0
TXN-100645,CUST-1346,248.01,POS Swipe,2026-08-01 23:53:54,17,"Berlin, DE",Travel & Airlines,Known Mobile (Android),4,0,7.83,0,0
TXN-100646,CUST-1194,293.77,Online Checkout,2026-08-27 22:43:36,2,"London, UK",Grocery & Supermarket,Known Mobile (iOS),39,0,6.96,0,0
TXN-100647,CUST-1211,381.07,POS Swipe,2026-09-24 14:48:21,15,"Moscow, RU",Grocery & Supermarket,Known Mobile (Android),70,0,4.39,0,0
TXN-100648,CUST-1224,1945.68,Wire Transfer,2026-08-13 23:51:53,14,"New York, US",Electronics,New Unrecognized Device,13,0,6.04,2,1
TXN-100649,CUST-1017,13665.91,Wire Transfer,2026-09-23 09:49:29,71,"London, UK",Jewelry & Luxury,Known Mobile (Android),15,0,6.37,0,1
TXN-100650,CUST-1380,19.54,POS Swipe,2026-09-17 19:32:18,35,"Lagos, NG",Crypto & Gambling,Known Desktop (Chrome),53,0,0.13,1,1
TXN-100651,CUST-1192,62.35,Mobile Banking,2026-09-10 11:36:27,31,"Toronto, CA",Grocery & Supermarket,Known Mobile (Android),50,0,6.43,0,0
TXN-100652,CUST-1373,1282.0,Online Checkout,2026-09-10 14:27:14,13,"Berlin, DE",Electronics,Known Mobile (iOS),73,0,6.76,0,0
TXN-100653,CUST-1166,4427.85,Online Checkout,2026-08-12 02:00:40,99,"Toronto, CA",Electronics,Known Desktop (Chrome),10,0,0.3,0,0
TXN-100654,CUST-1399,421.06,POS Swipe,2026-08-31 17:14:19,25,"Toronto, CA",Crypto & Gambling,Known Desktop (Chrome),48,0,5.31,0,0
TXN-100655,CUST-1327,3515.6,Crypto Exchange,2026-08-14 07:59:38,16,"New York, US",Grocery & Supermarket,New Unrecognized Device,11,0,6.77,1,1
TXN-100656,CUST-1212,285.89,Online Checkout,2026-08-10 09:26:24,114,"London, UK",Restaurants,Known Desktop (Chrome),23,0,7.24,0,0
TXN-100657,CUST-1061,7920.3,Crypto Exchange,2026-09-14 13:39:38,70,"New York, US",Grocery & Supermarket,Known Mobile (iOS),15,0,0.33,0,0
TXN-100658,CUST-1187,295.11,Online Checkout,2026-08-28 02:08:14,11,"Sydney, AU",Department Store,Known Mobile (iOS),61,0,0.83,0,0
TXN-100659,CUST-1254,78.72,POS Swipe,2026-09-21 21:16:11,26,"Berlin, DE",Restaurants,Known Mobile (iOS),50,0,6.37,0,0
TXN-100660,CUST-1370,429.56,POS Swipe,2026-09-27 12:47:17,105,"London, UK",Electronics,Known Mobile (Android),25,0,3.05,0,0
TXN-100661,CUST-1018,356.95,Mobile Banking,2026-09-02 15:18:38,106,"Lagos, NG",Department Store,Known Mobile (Android),50,0,1.52,0,0
TXN-100662,CUST-1038,254.93,Online Checkout,2026-09-17 11:49:20,16,"New York, US",Utilities & Bills,Known Desktop (Chrome),27,0,6.38,1,0
TXN-100663,CUST-1309,146.41,Online Checkout,2026-08-28 07:17:45,78,High-Risk IP Proxy,Restaurants,Known Desktop (Chrome),73,0,3.43,0,0
TXN-100664,CUST-1101,3557.38,Online Checkout,2026-10-03 13:17:26,16,"New York, US",Jewelry & Luxury,Known Mobile (iOS),49,0,0.27,0,0
TXN-100665,CUST-1003,326.85,Mobile Banking,2026-09-06 07:25:02,115,"Toronto, CA",Grocery & Supermarket,Known Mobile (iOS),2,0,0.85,1,0
TXN-100666,CUST-1386,171.39,POS Swipe,2026-08-11 14:20:31,79,"New York, US",Grocery & Supermarket,Headless Browser / Bot,63,0,7.74,0,0
TXN-100667,CUST-1025,3143.85,Mobile Banking,2026-08-18 07:20:55,89,"Sydney, AU",Jewelry & Luxury,Known Mobile (iOS),47,0,4.35,0,0
TXN-100668,CUST-1023,70.86,Online Checkout,2026-09-08 06:21:44,79,"Sydney, AU",Grocery & Supermarket,Known Desktop (Chrome),17,0,1.05,0,0
TXN-100669,CUST-1212,1700.52,Wire Transfer,2026-08-16 14:15:36,62,"Berlin, DE",Department Store,Known Mobile (iOS),61,0,2.18,0,0
TXN-100670,CUST-1125,9062.58,Wire Transfer,2026-08-27 17:04:31,8,"New York, US",Utilities & Bills,Known Mobile (Android),49,0,0.93,0,0
TXN-100671,CUST-1390,967.6,Mobile Banking,2026-09-28 17:54:32,14,"Moscow, RU",Jewelry & Luxury,Known Mobile (Android),57,0,4.16,0,1
TXN-100672,CUST-1158,1305.27,Mobile Banking,2026-08-14 08:56:06,96,"New York, US",Electronics,Known Mobile (Android),34,0,5.33,0,0
TXN-100673,CUST-1044,135.83,POS Swipe,2026-08-28 08:32:27,66,"London, UK",Grocery & Supermarket,Known Mobile (Android),6,0,5.88,0,0
TXN-100674,CUST-1305,241.8,Online Checkout,2026-10-03 14:06:43,7,"Berlin, DE",Department Store,Known Mobile (iOS),6,0,4.64,0,0
TXN-100675,CUST-1318,9146.54,Wire Transfer,2026-09-21 12:06:14,94,"Tokyo, JP",Utilities & Bills,Known Mobile (Android),21,0,2.85,0,1
TXN-100676,CUST-1258,301.38,Mobile Banking,2026-10-01 18:54:58,89,"New York, US",Grocery & Supermarket,Known Mobile (iOS),23,0,3.7,2,0
TXN-100677,CUST-1011,25.1,Online Checkout,2026-09-03 20:10:43,98,"Tokyo, JP",Travel & Airlines,Rooted/Jailbroken Phone,74,0,7.0,0,1
TXN-100678,CUST-1149,221.49,Mobile Banking,2026-10-04 08:09:49,13,"New York, US",Restaurants,Known Mobile (iOS),62,0,7.92,0,0
TXN-100679,CUST-1007,14.22,Mobile Banking,2026-09-08 18:57:33,100,"Berlin, DE",Restaurants,Known Desktop (Chrome),61,0,5.52,0,0
TXN-100680,CUST-1113,14499.07,Wire Transfer,2026-08-19 11:01:15,74,"Sydney, AU",Department Store,Known Mobile (Android),11,0,7.64,0,0
TXN-100681,CUST-1231,5477.48,Crypto Exchange,2026-08-23 09:43:22,114,"London, UK",Travel & Airlines,New Unrecognized Device,35,0,0.42,0,0
TXN-100682,CUST-1233,4679.77,Wire Transfer,2026-09-14 10:00:31,119,"Berlin, DE",Grocery & Supermarket,Known Mobile (iOS),37,0,5.35,0,0
TXN-100683,CUST-1021,301.07,Online Checkout,2026-08-16 05:19:00,56,"London, UK",Restaurants,Known Mobile (iOS),17,0,2.34,1,0
TXN-100684,CUST-1080,1830.15,Mobile Banking,2026-09-04 08:46:12,56,"Toronto, CA",Electronics,Known Mobile (iOS),60,0,2.06,0,0
TXN-100685,CUST-1051,140.72,Mobile Banking,2026-09-08 15:11:36,56,"Berlin, DE",Grocery & Supermarket,Known Mobile (Android),25,0,3.39,0,0
TXN-100686,CUST-1322,195.31,POS Swipe,2026-08-24 11:56:53,56,"New York, US",Grocery & Supermarket,Known Desktop (Chrome),64,0,5.73,0,0
TXN-100687,CUST-1211,256.68,POS Swipe,2026-08-04 22:26:05,97,"New York, US",Restaurants,Known Desktop (Chrome),74,0,1.11,0,0
TXN-100688,CUST-1387,153.4,Mobile Banking,2026-08-17 12:00:29,104,"Sydney, AU",Grocery & Supermarket,Known Desktop (Chrome),10,0,6.66,0,0
TXN-100689,CUST-1149,2477.84,Wire Transfer,2026-09-12 20:07:47,75,"Berlin, DE",Utilities & Bills,Known Mobile (iOS),26,0,4.54,2,0
TXN-100690,CUST-1328,48.1,Mobile Banking,2026-09-08 16:46:59,1,"Tokyo, JP",Travel & Airlines,Known Mobile (iOS),8,0,4.87,0,0
TXN-100691,CUST-1243,308.19,Online Checkout,2026-10-04 13:03:59,16,"London, UK",Grocery & Supermarket,Known Mobile (iOS),30,0,4.42,1,0
TXN-100692,CUST-1316,49.51,Online Checkout,2026-08-19 16:11:09,105,"Sydney, AU",Crypto & Gambling,Known Mobile (Android),69,0,3.9,0,0
TXN-100693,CUST-1189,994.21,Wire Transfer,2026-09-20 11:51:06,60,"London, UK",Grocery & Supermarket,Known Mobile (iOS),58,0,3.18,0,0
TXN-100694,CUST-1337,5558.09,Wire Transfer,2026-08-06 21:22:08,60,"Lagos, NG",Grocery & Supermarket,Known Mobile (iOS),20,0,6.86,0,1
TXN-100695,CUST-1200,180.3,POS Swipe,2026-08-23 17:22:41,93,"Toronto, CA",Grocery & Supermarket,New Unrecognized Device,17,0,6.12,0,0
TXN-100696,CUST-1331,265.1,POS Swipe,2026-09-30 16:11:36,91,"Moscow, RU",Utilities & Bills,Known Mobile (Android),16,0,4.75,0,0
TXN-100697,CUST-1035,175.92,Online Checkout,2026-08-21 09:42:06,64,"Moscow, RU",Grocery & Supermarket,Known Desktop (Chrome),30,0,7.06,0,0
TXN-100698,CUST-1032,14838.63,Wire Transfer,2026-08-15 03:47:04,57,"Sydney, AU",Travel & Airlines,Known Desktop (Chrome),22,0,5.62,0,0
TXN-100699,CUST-1225,12245.13,Wire Transfer,2026-08-29 08:10:27,105,"Toronto, CA",Utilities & Bills,Known Mobile (iOS),3,0,5.38,0,0
TXN-100700,CUST-1280,405.39,Mobile Banking,2026-09-13 08:46:58,94,"Berlin, DE",Grocery & Supermarket,Known Desktop (Chrome),73,0,4.06,0,0
TXN-100701,CUST-1035,370.49,POS Swipe,2026-09-18 20:36:05,17,"Sydney, AU",Grocery & Supermarket,Known Mobile (iOS),29,0,4.37,0,0
TXN-100702,CUST-1129,315.4,POS Swipe,2026-09-15 06:55:10,37,"New York, US",Travel & Airlines,New Unrecognized Device,78,0,3.25,0,0
TXN-100703,CUST-1242,342.02,Mobile Banking,2026-09-03 17:02:21,54,"London, UK",Grocery & Supermarket,Known Desktop (Chrome),17,0,6.55,0,0
TXN-100704,CUST-1032,40.86,Online Checkout,2026-08-10 19:36:57,79,"Berlin, DE",Utilities & Bills,Known Mobile (iOS),9,0,4.83,0,0
TXN-100705,CUST-1067,366.06,Online Checkout,2026-08-06 07:31:32,29,"Berlin, DE",Grocery & Supermarket,Known Mobile (iOS),29,0,0.54,0,0
TXN-100706,CUST-1195,14746.75,Wire Transfer,2026-08-03 14:03:24,99,"London, UK",Electronics,Known Desktop (Chrome),70,0,3.56,1,1
TXN-100707,CUST-1224,325.32,Mobile Banking,2026-08-31 09:37:00,30,"London, UK",Utilities & Bills,Known Desktop (Chrome),68,0,7.93,0,0
TXN-100708,CUST-1040,39.18,Online Checkout,2026-09-26 08:02:20,45,"Berlin, DE",Restaurants,Headless Browser / Bot,16,0,3.88,0,0
TXN-100709,CUST-1279,146.89,Online Checkout,2026-09-15 20:54:14,57,"Berlin, DE",Department Store,Known Desktop (Chrome),37,0,2.03,1,0
TXN-100710,CUST-1054,170.71,Online Checkout,2026-09-22 18:39:31,36,"New York, US",Restaurants,Known Desktop (Chrome),66,0,5.96,0,0
TXN-100711,CUST-1073,517.55,Online Checkout,2026-08-31 17:41:48,59,High-Risk IP Proxy,Electronics,Known Desktop (Chrome),34,0,3.13,1,1
TXN-100712,CUST-1254,409.97,Online Checkout,2026-09-18 11:02:14,27,"London, UK",Utilities & Bills,Known Mobile (Android),39,0,6.13,2,0
TXN-100713,CUST-1173,364.29,Mobile Banking,2026-09-03 19:37:13,97,"New York, US",Utilities & Bills,Known Mobile (Android),54,0,7.44,0,0
TXN-100714,CUST-1370,111.01,Mobile Banking,2026-09-06 20:34:29,55,"Toronto, CA",Travel & Airlines,Known Mobile (Android),20,1,3.79,4,0
TXN-100715,CUST-1350,348.35,Mobile Banking,2026-08-11 23:49:34,38,"London, UK",Grocery & Supermarket,Known Mobile (Android),46,0,2.08,0,1
TXN-100716,CUST-1158,1349.48,Wire Transfer,2026-09-11 19:54:11,57,"Toronto, CA",Grocery & Supermarket,Known Mobile (Android),45,0,6.77,0,0
TXN-100717,CUST-1142,296.91,Mobile Banking,2026-09-10 22:28:11,34,"Sydney, AU",Crypto & Gambling,New Unrecognized Device,16,0,1.48,1,1
TXN-100718,CUST-1095,8336.4,Wire Transfer,2026-09-26 15:02:35,92,"New York, US",Department Store,Headless Browser / Bot,32,0,6.77,1,1
TXN-100719,CUST-1121,15.99,POS Swipe,2026-08-10 14:07:32,10,"New York, US",Grocery & Supermarket,Known Mobile (Android),53,0,3.47,0,0
TXN-100720,CUST-1185,3664.95,POS Swipe,2026-09-22 20:23:30,38,"Berlin, DE",Jewelry & Luxury,Known Mobile (iOS),19,0,0.3,0,0
TXN-100721,CUST-1400,687.17,ATM Withdrawal,2026-09-14 21:24:53,75,"New York, US",Utilities & Bills,Known Mobile (Android),10,1,7.67,4,1
TXN-100722,CUST-1323,2652.31,POS Swipe,2026-09-23 14:07:54,113,"Toronto, CA",Electronics,Known Mobile (Android),67,0,2.6,0,0
TXN-100723,CUST-1169,412.01,Online Checkout,2026-09-16 09:20:47,15,"Berlin, DE",Grocery & Supermarket,Rooted/Jailbroken Phone,52,0,2.88,0,0
TXN-100724,CUST-1310,157.0,Online Checkout,2026-09-23 09:52:52,17,"Moscow, RU",Crypto & Gambling,New Unrecognized Device,74,0,4.88,0,1
TXN-100725,CUST-1210,4196.04,POS Swipe,2026-08-19 15:40:56,99,"New York, US",Jewelry & Luxury,Known Mobile (Android),21,0,2.18,0,0
TXN-100726,CUST-1018,135.56,Mobile Banking,2026-08-04 17:04:08,66,"Tokyo, JP",Restaurants,New Unrecognized Device,45,0,5.61,0,0
TXN-100727,CUST-1173,7418.04,Wire Transfer,2026-08-14 23:02:04,95,"Moscow, RU",Department Store,New Unrecognized Device,80,0,6.69,0,1
TXN-100728,CUST-1094,1134.83,ATM Withdrawal,2026-10-05 06:57:00,76,"Toronto, CA",Utilities & Bills,Known Mobile (Android),41,0,4.12,0,0
TXN-100729,CUST-1153,367.22,POS Swipe,2026-08-07 15:57:33,75,"Toronto, CA",Department Store,Known Mobile (iOS),49,0,1.51,0,0
TXN-100730,CUST-1375,4141.96,Online Checkout,2026-09-05 15:39:20,13,"London, UK",Jewelry & Luxury,Known Mobile (iOS),62,0,7.09,0,1
TXN-100731,CUST-1386,360.55,Online Checkout,2026-08-30 17:09:06,27,"Toronto, CA",Grocery & Supermarket,Known Mobile (iOS),76,0,7.68,0,1
TXN-100732,CUST-1014,4016.63,POS Swipe,2026-09-06 21:36:27,94,"London, UK",Electronics,Known Mobile (Android),14,0,7.36,0,0
TXN-100733,CUST-1071,10245.18,Crypto Exchange,2026-08-15 22:51:05,96,"Sydney, AU",Utilities & Bills,Known Mobile (iOS),64,0,3.68,0,0
TXN-100734,CUST-1020,1107.91,POS Swipe,2026-09-10 08:35:42,108,"Lagos, NG",Electronics,Known Mobile (Android),1,0,4.73,1,1
TXN-100735,CUST-1249,266.09,ATM Withdrawal,2026-10-03 10:12:40,113,"New York, US",Grocery & Supermarket,Known Desktop (Chrome),27,0,0.63,0,0
TXN-100736,CUST-1215,7608.22,Wire Transfer,2026-09-18 16:15:40,45,"Toronto, CA",Utilities & Bills,Known Mobile (iOS),38,0,7.01,0,0
TXN-100737,CUST-1279,146.91,POS Swipe,2026-08-13 09:56:57,97,"Sydney, AU",Grocery & Supermarket,Known Mobile (Android),31,0,1.01,0,0
TXN-100738,CUST-1357,353.36,POS Swipe,2026-08-17 19:30:53,104,"Tokyo, JP",Travel & Airlines,Known Desktop (Chrome),3,0,4.11,1,0
TXN-100739,CUST-1396,187.37,POS Swipe,2026-09-10 12:51:28,55,"London, UK",Restaurants,Known Mobile (iOS),28,0,6.57,0,0
TXN-100740,CUST-1086,410.94,POS Swipe,2026-08-15 22:39:39,43,"New York, US",Travel & Airlines,Rooted/Jailbroken Phone,2,0,0.81,0,0
TXN-100741,CUST-1284,188.96,Online Checkout,2026-08-07 14:23:34,26,Domestic Domestic,Restaurants,Known Mobile (Android),29,0,1.38,0,0
TXN-100742,CUST-1128,115.05,Mobile Banking,2026-08-05 20:48:33,14,"Toronto, CA",Utilities & Bills,Known Mobile (iOS),36,0,1.92,0,0
TXN-100743,CUST-1064,37.4,ATM Withdrawal,2026-09-18 17:08:52,95,"Lagos, NG",Restaurants,Known Mobile (iOS),64,0,6.12,0,0
TXN-100744,CUST-1078,296.94,Online Checkout,2026-09-20 08:38:54,40,"Sydney, AU",Grocery & Supermarket,Known Desktop (Chrome),38,0,1.7,0,0
TXN-100745,CUST-1150,170.87,POS Swipe,2026-08-29 22:35:17,62,"London, UK",Utilities & Bills,Known Mobile (Android),48,0,4.03,0,0
TXN-100746,CUST-1056,886.26,POS Swipe,2026-08-04 12:14:28,48,"Toronto, CA",Electronics,Known Mobile (iOS),18,0,7.81,0,0
TXN-100747,CUST-1251,5399.09,Wire Transfer,2026-08-11 08:39:53,61,"Toronto, CA",Restaurants,Known Desktop (Chrome),7,0,2.09,0,0
TXN-100748,CUST-1165,7503.45,Wire Transfer,2026-09-22 20:17:44,27,"Sydney, AU",Utilities & Bills,Known Mobile (Android),40,1,1.96,0,0
TXN-100749,CUST-1376,4001.94,Online Checkout,2026-08-14 12:04:24,17,"Sydney, AU",Jewelry & Luxury,Known Desktop (Chrome),21,0,6.97,0,1
TXN-100750,CUST-1321,400.42,ATM Withdrawal,2026-10-02 08:55:35,54,"London, UK",Grocery & Supermarket,Known Mobile (Android),37,0,7.05,0,0
TXN-100751,CUST-1289,11328.08,Wire Transfer,2026-08-19 10:43:13,103,"Berlin, DE",Utilities & Bills,Known Mobile (Android),32,0,1.76,0,0
TXN-100752,CUST-1085,47.15,POS Swipe,2026-09-30 00:26:11,20,"Toronto, CA",Department Store,Known Mobile (iOS),24,0,0.84,0,0
TXN-100753,CUST-1305,184.45,Online Checkout,2026-09-14 16:56:14,45,"Berlin, DE",Department Store,Known Mobile (iOS),54,0,2.52,0,0
TXN-100754,CUST-1278,5287.32,Wire Transfer,2026-08-26 06:09:06,94,"New York, US",Jewelry & Luxury,Known Mobile (Android),16,0,4.74,0,0
TXN-100755,CUST-1142,1627.92,Crypto Exchange,2026-09-30 09:00:50,30,Domestic Domestic,Electronics,Known Desktop (Chrome),18,0,3.86,0,0
TXN-100756,CUST-1071,3798.13,POS Swipe,2026-09-26 12:30:20,39,"Toronto, CA",Electronics,Known Mobile (Android),48,0,5.68,0,0
TXN-100757,CUST-1041,405.39,Mobile Banking,2026-08-28 22:40:53,36,"Berlin, DE",Restaurants,Known Mobile (Android),62,0,2.08,0,0
TXN-100758,CUST-1092,196.43,Online Checkout,2026-09-16 20:49:42,45,"Sydney, AU",Jewelry & Luxury,Known Mobile (Android),24,0,1.51,0,0
TXN-100759,CUST-1270,448.1,Online Checkout,2026-09-09 10:58:23,118,"London, UK",Department Store,Known Mobile (Android),4,0,5.17,0,0
TXN-100760,CUST-1141,13466.84,Wire Transfer,2026-08-04 20:59:30,78,"Berlin, DE",Grocery & Supermarket,Known Mobile (Android),69,0,0.4,0,0
TXN-100761,CUST-1068,304.04,Online Checkout,2026-08-16 05:40:45,8,"London, UK",Restaurants,Known Mobile (iOS),24,0,5.93,0,0
TXN-100762,CUST-1364,24.81,Online Checkout,2026-09-16 14:42:25,54,"Tokyo, JP",Utilities & Bills,Known Mobile (iOS),64,0,2.21,0,0
TXN-100763,CUST-1353,211.04,POS Swipe,2026-08-23 16:53:53,1,"London, UK",Travel & Airlines,Known Mobile (iOS),59,0,5.6,0,0
TXN-100764,CUST-1047,141.96,Online Checkout,2026-08-12 08:37:40,3,"Sydney, AU",Utilities & Bills,Known Mobile (iOS),47,0,7.03,2,0
TXN-100765,CUST-1098,1175.55,ATM Withdrawal,2026-08-17 10:24:45,37,"New York, US",Electronics,Known Mobile (iOS),28,0,2.26,0,0
TXN-100766,CUST-1226,244.39,Online Checkout,2026-10-02 11:23:22,99,"Berlin, DE",Grocery & Supermarket,Known Mobile (Android),21,0,6.69,0,0
TXN-100767,CUST-1360,56.31,POS Swipe,2026-09-06 09:44:32,71,"Tokyo, JP",Utilities & Bills,Known Mobile (iOS),26,0,3.79,0,0
TXN-100768,CUST-1096,192.53,POS Swipe,2026-09-29 15:23:36,49,"Berlin, DE",Restaurants,Known Mobile (iOS),13,0,6.97,0,0
TXN-100769,CUST-1332,182.7,Mobile Banking,2026-08-24 21:19:10,60,"Toronto, CA",Utilities & Bills,Known Mobile (Android),78,0,4.65,0,0
TXN-100770,CUST-1130,701.44,ATM Withdrawal,2026-09-13 13:25:19,6,Domestic Domestic,Restaurants,Known Desktop (Chrome),64,0,3.46,0,0
TXN-100771,CUST-1084,357.82,POS Swipe,2026-09-08 20:44:33,26,High-Risk IP Proxy,Travel & Airlines,Known Mobile (iOS),42,0,0.53,0,0
TXN-100772,CUST-1178,73.59,POS Swipe,2026-08-22 13:42:09,26,"Lagos, NG",Grocery & Supermarket,Known Mobile (iOS),30,0,3.55,0,0
TXN-100773,CUST-1398,47.64,POS Swipe,2026-10-01 08:06:30,71,"Berlin, DE",Utilities & Bills,New Unrecognized Device,48,0,5.68,0,0
TXN-100774,CUST-1391,265.96,Mobile Banking,2026-09-21 19:57:18,105,"Berlin, DE",Restaurants,Known Mobile (Android),68,0,3.96,0,0
TXN-100775,CUST-1312,99.0,Online Checkout,2026-08-31 11:21:32,106,"New York, US",Travel & Airlines,Known Mobile (Android),9,0,1.19,0,0
TXN-100776,CUST-1174,52.36,POS Swipe,2026-08-24 12:18:19,50,"Berlin, DE",Grocery & Supermarket,Known Mobile (iOS),53,0,3.25,0,0
TXN-100777,CUST-1178,10217.83,Wire Transfer,2026-08-13 17:25:51,104,"New York, US",Grocery & Supermarket,Known Mobile (Android),49,0,0.19,0,1
TXN-100778,CUST-1218,193.71,Online Checkout,2026-08-15 15:51:58,58,"Toronto, CA",Utilities & Bills,Known Desktop (Chrome),68,1,0.98,0,0
TXN-100779,CUST-1346,391.21,Online Checkout,2026-08-01 11:59:45,76,"London, UK",Grocery & Supermarket,Known Mobile (Android),58,0,3.77,0,0
TXN-100780,CUST-1026,2916.52,Mobile Banking,2026-09-17 09:21:43,38,"Sydney, AU",Electronics,Known Mobile (iOS),37,0,0.24,0,0
TXN-100781,CUST-1183,1104.15,ATM Withdrawal,2026-09-20 09:05:34,13,"New York, US",Electronics,Known Mobile (Android),35,0,3.72,0,0
TXN-100782,CUST-1376,417.71,Mobile Banking,2026-09-28 04:20:23,5,"New York, US",Department Store,Known Mobile (Android),12,0,7.84,0,0
TXN-100783,CUST-1217,2827.78,POS Swipe,2026-08-24 22:16:46,84,"Sydney, AU",Electronics,New Unrecognized Device,14,0,4.61,4,0
TXN-100784,CUST-1356,233.89,ATM Withdrawal,2026-09-17 15:13:48,120,"London, UK",Utilities & Bills,Known Desktop (Chrome),35,0,0.46,0,0
TXN-100785,CUST-1003,103.37,POS Swipe,2026-08-03 19:42:08,36,"London, UK",Travel & Airlines,Rooted/Jailbroken Phone,40,0,1.88,0,0
TXN-100786,CUST-1373,565.1,ATM Withdrawal,2026-09-28 15:40:38,43,"Toronto, CA",Grocery & Supermarket,Known Mobile (Android),43,0,2.84,0,0
TXN-100787,CUST-1108,443.27,POS Swipe,2026-08-22 17:16:25,5,"Berlin, DE",Travel & Airlines,Known Mobile (iOS),62,0,2.83,0,0
TXN-100788,CUST-1150,676.6,ATM Withdrawal,2026-09-27 17:01:09,80,"Toronto, CA",Travel & Airlines,Known Mobile (Android),53,2,0.28,3,0
TXN-100789,CUST-1276,4067.0,Online Checkout,2026-08-16 07:13:13,15,"Toronto, CA",Jewelry & Luxury,Known Mobile (iOS),51,0,2.88,0,1
TXN-100790,CUST-1323,6.49,Online Checkout,2026-09-10 13:34:25,29,"Tokyo, JP",Grocery & Supermarket,Known Mobile (Android),57,0,7.0,0,0
TXN-100791,CUST-1391,449.51,POS Swipe,2026-08-23 17:06:24,75,"Berlin, DE",Department Store,Known Mobile (Android),3,0,1.19,0,0
TXN-100792,CUST-1375,250.67,POS Swipe,2026-08-03 10:15:10,73,"Berlin, DE",Utilities & Bills,Rooted/Jailbroken Phone,2,0,7.08,0,0
TXN-100793,CUST-1083,2774.13,POS Swipe,2026-08-31 08:59:45,118,"New York, US",Electronics,Known Mobile (iOS),3,0,3.74,0,0
TXN-100794,CUST-1091,10389.34,Crypto Exchange,2026-10-04 16:51:38,108,"London, UK",Department Store,Known Mobile (iOS),59,0,0.65,0,0
TXN-100795,CUST-1241,31.6,Mobile Banking,2026-08-10 19:16:56,92,"Toronto, CA",Utilities & Bills,Known Mobile (Android),68,0,3.56,1,0
TXN-100796,CUST-1372,954.11,ATM Withdrawal,2026-09-16 12:59:32,81,"Berlin, DE",Grocery & Supermarket,Known Mobile (iOS),18,0,6.09,0,0
TXN-100797,CUST-1188,3442.87,POS Swipe,2026-09-13 08:15:50,62,"New York, US",Electronics,Known Mobile (Android),9,0,5.7,0,0
TXN-100798,CUST-1353,1416.8,POS Swipe,2026-09-27 17:36:17,77,"New York, US",Electronics,Known Mobile (Android),3,0,3.03,0,0
TXN-100799,CUST-1082,906.07,Wire Transfer,2026-09-09 13:28:43,38,"New York, US",Restaurants,Known Mobile (iOS),77,0,3.14,0,0
TXN-100800,CUST-1156,227.99,Online Checkout,2026-08-02 09:46:32,96,"Lagos, NG",Grocery & Supermarket,Known Mobile (Android),21,1,5.19,0,1
TXN-100801,CUST-1194,128.85,Mobile Banking,2026-10-02 16:55:33,62,"New York, US",Restaurants,Known Mobile (iOS),8,0,2.54,0,0
TXN-100802,CUST-1062,976.19,Wire Transfer,2026-09-15 13:36:58,82,"Lagos, NG",Restaurants,Known Desktop (Chrome),67,0,5.96,0,0
TXN-100803,CUST-1260,311.89,Online Checkout,2026-08-11 22:03:28,73,"Toronto, CA",Crypto & Gambling,Known Desktop (Chrome),23,0,5.24,0,0
TXN-100804,CUST-1021,8992.32,Crypto Exchange,2026-09-04 14:05:47,25,"Sydney, AU",Restaurants,New Unrecognized Device,16,0,0.58,0,0
TXN-100805,CUST-1027,3895.96,POS Swipe,2026-08-10 08:07:28,11,"Toronto, CA",Electronics,Known Mobile (Android),76,0,4.6,0,0
TXN-100806,CUST-1227,590.27,ATM Withdrawal,2026-08-25 15:40:39,97,"Toronto, CA",Electronics,Known Desktop (Chrome),76,0,5.09,0,0
TXN-100807,CUST-1331,214.38,Online Checkout,2026-09-01 11:43:35,65,"London, UK",Grocery & Supermarket,Rooted/Jailbroken Phone,23,0,2.62,3,1
TXN-100808,CUST-1034,397.62,ATM Withdrawal,2026-09-08 07:55:28,44,"Berlin, DE",Travel & Airlines,Known Mobile (iOS),13,0,1.78,0,0
TXN-100809,CUST-1053,14726.74,Wire Transfer,2026-08-27 15:09:20,21,"New York, US",Grocery & Supermarket,Known Mobile (iOS),20,0,1.34,2,0
TXN-100810,CUST-1400,684.68,ATM Withdrawal,2026-08-30 21:30:59,110,"Tokyo, JP",Grocery & Supermarket,Known Mobile (iOS),45,0,2.59,0,0
TXN-100811,CUST-1003,322.0,ATM Withdrawal,2026-09-21 05:26:22,83,"Tokyo, JP",Department Store,Known Desktop (Chrome),2,0,1.7,0,0
TXN-100812,CUST-1013,218.46,POS Swipe,2026-09-18 10:35:47,26,"Sydney, AU",Travel & Airlines,Known Mobile (Android),35,0,2.02,0,0
TXN-100813,CUST-1241,127.84,Mobile Banking,2026-08-06 19:24:44,117,"Berlin, DE",Crypto & Gambling,Headless Browser / Bot,75,0,0.9,0,1
TXN-100814,CUST-1057,259.87,POS Swipe,2026-08-10 10:49:46,53,"Tokyo, JP",Restaurants,Known Mobile (Android),73,0,0.8,0,0
TXN-100815,CUST-1134,11335.46,Wire Transfer,2026-09-07 17:08:49,99,"New York, US",Utilities & Bills,Known Desktop (Chrome),40,1,2.95,0,1
TXN-100816,CUST-1117,375.1,POS Swipe,2026-09-12 08:45:16,33,"Berlin, DE",Department Store,Known Mobile (iOS),52,0,6.47,0,0
TXN-100817,CUST-1263,438.53,POS Swipe,2026-09-25 23:32:55,103,"London, UK",Travel & Airlines,Known Mobile (iOS),42,0,5.9,0,0
TXN-100818,CUST-1273,205.82,Online Checkout,2026-10-05 20:05:36,119,"Toronto, CA",Utilities & Bills,Known Mobile (iOS),9,0,3.5,0,0
TXN-100819,CUST-1379,282.54,Online Checkout,2026-09-12 06:41:36,44,"Toronto, CA",Utilities & Bills,Known Desktop (Chrome),55,0,3.27,0,0
TXN-100820,CUST-1005,396.74,Online Checkout,2026-09-24 08:54:14,75,"Berlin, DE",Grocery & Supermarket,Known Mobile (Android),25,0,4.64,0,0
TXN-100821,CUST-1079,145.32,Online Checkout,2026-08-19 09:11:06,4,"Toronto, CA",Department Store,Known Mobile (iOS),16,0,7.64,0,0
TXN-100822,CUST-1107,391.05,Online Checkout,2026-08-21 12:17:14,120,"Moscow, RU",Utilities & Bills,Known Mobile (iOS),56,0,7.59,0,0
TXN-100823,CUST-1026,673.56,POS Swipe,2026-09-21 08:49:24,76,"Tokyo, JP",Electronics,Known Mobile (iOS),74,0,1.06,0,0
TXN-100824,CUST-1310,432.9,POS Swipe,2026-09-10 12:13:05,103,"Toronto, CA",Grocery & Supermarket,Known Mobile (Android),58,0,3.1,0,0
TXN-100825,CUST-1185,329.68,Mobile Banking,2026-08-09 12:54:41,39,"New York, US",Utilities & Bills,Known Desktop (Chrome),49,0,0.23,2,0
TXN-100826,CUST-1024,135.42,Online Checkout,2026-09-01 08:00:08,67,"New York, US",Utilities & Bills,Known Desktop (Chrome),7,0,1.76,0,0
TXN-100827,CUST-1081,1905.9,POS Swipe,2026-08-23 21:09:47,104,"Tokyo, JP",Jewelry & Luxury,New Unrecognized Device,14,0,0.34,0,1
TXN-100828,CUST-1319,838.05,POS Swipe,2026-08-04 10:56:30,5,"Sydney, AU",Electronics,Known Mobile (Android),69,0,4.83,0,1
TXN-100829,CUST-1115,405.3,Online Checkout,2026-08-09 07:30:29,54,"Tokyo, JP",Travel & Airlines,Known Mobile (iOS),77,0,0.11,0,0
TXN-100830,CUST-1166,2567.64,Wire Transfer,2026-09-16 22:42:45,13,"Toronto, CA",Utilities & Bills,New Unrecognized Device,25,0,4.17,1,0
TXN-100831,CUST-1381,2398.53,Online Checkout,2026-09-21 10:39:06,32,"New York, US",Jewelry & Luxury,Known Desktop (Chrome),42,0,3.75,0,0
TXN-100832,CUST-1137,36.9,ATM Withdrawal,2026-08-17 10:23:42,19,"Toronto, CA",Department Store,Known Mobile (iOS),49,0,6.37,3,0
TXN-100833,CUST-1122,121.95,Online Checkout,2026-09-11 00:30:30,110,"London, UK",Travel & Airlines,Known Desktop (Chrome),73,0,7.94,0,0
TXN-100834,CUST-1382,344.65,Online Checkout,2026-10-05 21:21:57,24,"London, UK",Restaurants,Known Mobile (Android),70,0,0.86,1,0
TXN-100835,CUST-1188,251.22,POS Swipe,2026-08-04 22:08:06,30,Domestic Domestic,Restaurants,Known Mobile (iOS),37,0,2.85,0,0
TXN-100836,CUST-1259,2433.95,Online Checkout,2026-10-05 08:53:43,29,"Sydney, AU",Jewelry & Luxury,Known Desktop (Chrome),67,0,1.3,1,0
TXN-100837,CUST-1118,3431.84,Wire Transfer,2026-08-22 11:06:43,22,"Berlin, DE",Restaurants,Known Mobile (iOS),19,0,7.65,0,0
TXN-100838,CUST-1206,269.32,Online Checkout,2026-09-23 20:29:20,18,"Sydney, AU",Grocery & Supermarket,Known Mobile (iOS),71,0,1.75,0,0
TXN-100839,CUST-1387,376.28,POS Swipe,2026-08-19 13:10:48,104,Domestic Domestic,Department Store,Known Mobile (Android),20,0,3.19,0,0
TXN-100840,CUST-1142,50.66,Online Checkout,2026-09-21 07:47:37,87,"New York, US",Grocery & Supermarket,Known Desktop (Chrome),41,0,1.03,0,0
TXN-100841,CUST-1242,3795.2,Online Checkout,2026-09-26 10:07:34,96,"Berlin, DE",Jewelry & Luxury,New Unrecognized Device,43,0,7.6,0,1
TXN-100842,CUST-1321,166.33,POS Swipe,2026-08-22 20:44:55,102,"Toronto, CA",Grocery & Supermarket,Known Mobile (Android),11,2,4.87,0,0
TXN-100843,CUST-1341,116.81,POS Swipe,2026-09-25 12:40:06,111,"Sydney, AU",Restaurants,Known Desktop (Chrome),32,0,2.7,0,0
TXN-100844,CUST-1007,235.94,Online Checkout,2026-10-02 09:31:14,76,"London, UK",Crypto & Gambling,Headless Browser / Bot,62,0,6.72,0,1
TXN-100845,CUST-1196,3696.48,Online Checkout,2026-08-14 15:50:41,13,"Toronto, CA",Electronics,Known Desktop (Chrome),46,0,5.7,0,0
TXN-100846,CUST-1021,15.74,POS Swipe,2026-09-26 20:36:55,67,"New York, US",Grocery & Supermarket,Known Desktop (Chrome),55,0,0.3,0,0
TXN-100847,CUST-1051,26.27,Online Checkout,2026-09-22 19:46:29,109,"Lagos, NG",Grocery & Supermarket,Known Desktop (Chrome),45,1,2.06,0,0
TXN-100848,CUST-1135,747.36,ATM Withdrawal,2026-08-21 09:49:55,71,"Berlin, DE",Utilities & Bills,Known Desktop (Chrome),22,0,6.87,0,0
TXN-100849,CUST-1117,154.97,POS Swipe,2026-09-09 07:46:05,82,"London, UK",Travel & Airlines,Known Mobile (Android),48,0,6.86,0,0
TXN-100850,CUST-1186,840.85,ATM Withdrawal,2026-08-22 10:07:12,75,"London, UK",Grocery & Supermarket,Known Mobile (Android),37,0,4.35,0,0
TXN-100851,CUST-1047,962.21,ATM Withdrawal,2026-09-21 20:09:45,44,"Toronto, CA",Grocery & Supermarket,New Unrecognized Device,13,0,5.92,1,0
TXN-100852,CUST-1166,3631.54,Crypto Exchange,2026-09-26 19:15:35,20,"Berlin, DE",Crypto & Gambling,Known Mobile (Android),28,0,1.88,0,1
TXN-100853,CUST-1125,14697.4,Crypto Exchange,2026-10-01 20:26:35,71,Domestic Domestic,Jewelry & Luxury,Known Mobile (iOS),66,0,5.06,1,1
TXN-100854,CUST-1362,1034.73,ATM Withdrawal,2026-09-16 19:16:27,48,"London, UK",Department Store,Known Mobile (iOS),69,0,7.67,0,0
TXN-100855,CUST-1127,1172.26,ATM Withdrawal,2026-08-17 07:58:50,65,"Berlin, DE",Travel & Airlines,Known Mobile (iOS),77,0,2.85,0,0
TXN-100856,CUST-1115,217.1,POS Swipe,2026-08-07 13:28:31,76,"London, UK",Department Store,Known Mobile (iOS),71,0,5.24,1,0
TXN-100857,CUST-1033,6245.57,Wire Transfer,2026-08-09 22:17:36,33,High-Risk IP Proxy,Utilities & Bills,Known Desktop (Chrome),62,0,6.14,0,1
TXN-100858,CUST-1159,321.89,POS Swipe,2026-09-08 10:36:51,113,"Toronto, CA",Grocery & Supermarket,Known Desktop (Chrome),75,0,0.15,0,0
TXN-100859,CUST-1062,879.83,ATM Withdrawal,2026-08-10 16:33:26,94,"New York, US",Jewelry & Luxury,Rooted/Jailbroken Phone,22,0,0.33,2,1
TXN-100860,CUST-1049,45.38,Mobile Banking,2026-09-19 19:24:44,61,"New York, US",Grocery & Supermarket,Known Mobile (iOS),45,0,3.5,0,0
TXN-100861,CUST-1103,433.8,Online Checkout,2026-08-11 11:48:06,68,"London, UK",Restaurants,Known Mobile (iOS),71,0,3.05,0,0
TXN-100862,CUST-1003,571.8,POS Swipe,2026-09-09 02:57:36,73,"London, UK",Electronics,Known Mobile (iOS),79,0,4.33,3,0
TXN-100863,CUST-1080,14391.45,Wire Transfer,2026-08-23 20:45:54,113,"Sydney, AU",Grocery & Supermarket,Known Desktop (Chrome),56,0,0.41,0,0
TXN-100864,CUST-1160,4189.44,Mobile Banking,2026-08-14 11:11:37,67,"New York, US",Electronics,Known Mobile (iOS),19,2,7.37,2,1
TXN-100865,CUST-1200,1179.17,ATM Withdrawal,2026-08-15 17:04:21,32,"London, UK",Crypto & Gambling,Known Desktop (Chrome),24,0,0.43,0,0
TXN-100866,CUST-1338,353.42,ATM Withdrawal,2026-08-13 20:05:42,84,"London, UK",Grocery & Supermarket,Known Mobile (Android),68,0,6.08,0,0
TXN-100867,CUST-1391,1399.29,Online Checkout,2026-09-24 12:24:05,63,"New York, US",Electronics,Known Mobile (Android),78,0,4.03,0,0
TXN-100868,CUST-1029,139.81,POS Swipe,2026-08-06 08:05:19,115,"Toronto, CA",Restaurants,Known Mobile (Android),40,0,4.32,0,0
TXN-100869,CUST-1276,322.02,Online Checkout,2026-09-25 18:33:54,23,"Toronto, CA",Utilities & Bills,Known Mobile (iOS),27,0,7.6,1,0
TXN-100870,CUST-1105,83.79,POS Swipe,2026-08-02 04:24:13,116,"Berlin, DE",Department Store,Known Mobile (iOS),30,0,7.33,0,0
TXN-100871,CUST-1117,423.42,POS Swipe,2026-09-21 04:09:38,32,"Berlin, DE",Crypto & Gambling,New Unrecognized Device,73,0,7.23,0,1
TXN-100872,CUST-1140,3177.61,POS Swipe,2026-08-02 12:26:24,36,"Tokyo, JP",Jewelry & Luxury,Known Desktop (Chrome),32,0,5.05,0,1
TXN-100873,CUST-1115,131.74,Online Checkout,2026-08-15 07:57:50,63,"New York, US",Travel & Airlines,Known Mobile (iOS),32,1,5.75,0,1
TXN-100874,CUST-1134,54.58,Online Checkout,2026-08-16 12:56:56,26,High-Risk IP Proxy,Travel & Airlines,Known Mobile (Android),16,0,0.38,0,0
TXN-100875,CUST-1199,146.47,Online Checkout,2026-08-09 09:39:23,57,"Sydney, AU",Grocery & Supermarket,Known Desktop (Chrome),64,0,1.59,0,0
TXN-100876,CUST-1079,1611.12,POS Swipe,2026-09-02 21:22:29,26,"Lagos, NG",Electronics,Known Mobile (Android),37,0,1.88,0,0
TXN-100877,CUST-1226,80.61,Online Checkout,2026-09-01 15:18:35,21,"New York, US",Department Store,Known Mobile (iOS),8,0,4.32,0,0
TXN-100878,CUST-1190,247.78,Online Checkout,2026-08-14 17:00:24,1,"Toronto, CA",Restaurants,Known Desktop (Chrome),15,0,6.12,0,0
TXN-100879,CUST-1244,414.14,Mobile Banking,2026-09-19 10:39:24,58,"Moscow, RU",Crypto & Gambling,Known Mobile (Android),32,0,7.91,0,1
TXN-100880,CUST-1275,69.07,Mobile Banking,2026-08-29 08:40:46,23,High-Risk IP Proxy,Grocery & Supermarket,Known Mobile (iOS),20,0,0.27,1,0
TXN-100881,CUST-1278,150.07,Mobile Banking,2026-09-21 07:40:22,27,High-Risk IP Proxy,Grocery & Supermarket,Known Mobile (Android),57,0,3.17,0,0
TXN-100882,CUST-1371,186.65,POS Swipe,2026-09-01 09:12:36,25,High-Risk IP Proxy,Utilities & Bills,Known Desktop (Chrome),46,0,4.43,0,0
TXN-100883,CUST-1110,74.74,POS Swipe,2026-09-30 07:41:28,39,"Lagos, NG",Department Store,New Unrecognized Device,52,0,1.82,0,1
TXN-100884,CUST-1093,72.05,Mobile Banking,2026-08-04 17:24:36,86,"New York, US",Department Store,Known Desktop (Chrome),19,0,4.64,1,0
TXN-100885,CUST-1126,8.86,Mobile Banking,2026-08-17 18:31:20,79,"Moscow, RU",Travel & Airlines,Known Desktop (Chrome),4,0,6.32,0,0
TXN-100886,CUST-1047,82.97,POS Swipe,2026-09-15 09:09:13,40,"Tokyo, JP",Grocery & Supermarket,New Unrecognized Device,74,0,3.63,0,0
TXN-100887,CUST-1288,1234.85,Online Checkout,2026-08-20 08:07:34,117,"Berlin, DE",Jewelry & Luxury,Known Mobile (Android),60,0,2.32,1,0
TXN-100888,CUST-1076,265.28,Mobile Banking,2026-08-13 18:08:56,49,"Toronto, CA",Grocery & Supermarket,Known Desktop (Chrome),75,0,6.56,2,0
TXN-100889,CUST-1011,14426.01,Crypto Exchange,2026-09-14 20:05:56,48,"New York, US",Electronics,Known Mobile (iOS),50,0,0.98,2,0
TXN-100890,CUST-1150,634.11,ATM Withdrawal,2026-08-11 11:51:31,3,"Berlin, DE",Travel & Airlines,Headless Browser / Bot,46,0,1.62,0,0
TXN-100891,CUST-1251,40.71,POS Swipe,2026-08-22 05:15:44,40,"London, UK",Department Store,Known Mobile (iOS),34,0,6.1,0,0
TXN-100892,CUST-1067,384.86,Mobile Banking,2026-08-02 18:01:19,49,"New York, US",Grocery & Supermarket,Known Mobile (Android),34,0,2.75,1,0
TXN-100893,CUST-1209,395.96,ATM Withdrawal,2026-08-17 21:46:16,71,"New York, US",Grocery & Supermarket,Known Mobile (iOS),57,0,0.77,0,0
TXN-100894,CUST-1059,208.5,Online Checkout,2026-08-17 19:06:15,10,"New York, US",Electronics,Known Mobile (Android),30,0,6.92,0,0
TXN-100895,CUST-1317,3274.41,Online Checkout,2026-09-28 16:21:50,86,"New York, US",Electronics,Known Desktop (Chrome),25,0,7.42,0,0
TXN-100896,CUST-1222,573.67,ATM Withdrawal,2026-08-30 09:45:05,50,"London, UK",Grocery & Supermarket,Known Mobile (Android),25,0,4.01,0,0
TXN-100897,CUST-1304,3463.25,Mobile Banking,2026-08-08 13:32:00,11,"New York, US",Jewelry & Luxury,Known Mobile (iOS),69,0,1.6,0,0
TXN-100898,CUST-1165,646.05,ATM Withdrawal,2026-08-30 08:40:53,76,"London, UK",Grocery & Supermarket,Known Mobile (Android),27,0,6.61,0,0
TXN-100899,CUST-1350,202.2,Online Checkout,2026-08-21 06:04:31,45,"Lagos, NG",Electronics,Known Desktop (Chrome),55,0,6.14,0,0
TXN-100900,CUST-1302,920.83,ATM Withdrawal,2026-09-16 17:38:43,9,"Toronto, CA",Utilities & Bills,Known Mobile (iOS),45,0,3.9,0,0
TXN-100901,CUST-1382,68.23,Online Checkout,2026-08-22 04:22:26,60,"Lagos, NG",Grocery & Supermarket,Known Desktop (Chrome),51,0,7.2,0,1
TXN-100902,CUST-1215,12.29,Mobile Banking,2026-08-18 19:24:55,81,"New York, US",Grocery & Supermarket,Known Mobile (Android),22,0,7.57,0,0
TXN-100903,CUST-1139,383.96,POS Swipe,2026-08-03 13:10:19,107,High-Risk IP Proxy,Travel & Airlines,Known Mobile (iOS),62,0,4.04,0,0
TXN-100904,CUST-1341,1489.83,Online Checkout,2026-08-14 06:20:45,62,"Berlin, DE",Electronics,Known Mobile (Android),63,0,3.39,0,0
TXN-100905,CUST-1323,203.95,POS Swipe,2026-09-24 16:38:08,68,"London, UK",Utilities & Bills,Known Desktop (Chrome),16,0,7.77,0,0
TXN-100906,CUST-1108,406.33,Mobile Banking,2026-08-30 21:57:20,82,"Moscow, RU",Department Store,Known Desktop (Chrome),71,0,6.37,0,0
TXN-100907,CUST-1294,2651.15,Crypto Exchange,2026-08-30 18:39:15,105,"Tokyo, JP",Grocery & Supermarket,Known Mobile (Android),2,0,7.06,0,0
TXN-100908,CUST-1271,163.5,POS Swipe,2026-09-04 06:24:49,25,"Sydney, AU",Crypto & Gambling,Known Mobile (iOS),7,0,1.86,0,0
TXN-100909,CUST-1288,3340.38,Online Checkout,2026-09-04 22:31:20,78,"Lagos, NG",Jewelry & Luxury,Known Desktop (Chrome),24,1,4.82,0,1
TXN-100910,CUST-1100,344.26,POS Swipe,2026-10-04 10:50:24,55,"Berlin, DE",Restaurants,Known Mobile (iOS),26,0,0.3,0,0
TXN-100911,CUST-1239,356.02,ATM Withdrawal,2026-08-19 13:24:35,21,"Toronto, CA",Utilities & Bills,Known Mobile (iOS),35,0,1.66,0,0
TXN-100912,CUST-1166,84.21,Mobile Banking,2026-08-16 05:20:35,62,"London, UK",Grocery & Supermarket,Known Desktop (Chrome),70,0,3.53,0,0
TXN-100913,CUST-1390,594.8,Online Checkout,2026-09-06 10:48:36,6,"Lagos, NG",Electronics,Known Desktop (Chrome),16,0,7.42,0,1
TXN-100914,CUST-1048,990.96,ATM Withdrawal,2026-09-15 11:26:21,97,"New York, US",Grocery & Supermarket,Known Mobile (iOS),53,0,3.23,0,0
TXN-100915,CUST-1230,4282.35,Online Checkout,2026-09-03 09:03:41,88,"Toronto, CA",Electronics,Known Desktop (Chrome),28,0,0.43,0,0
TXN-100916,CUST-1071,97.93,POS Swipe,2026-09-11 11:40:42,51,"New York, US",Utilities & Bills,Known Mobile (Android),53,0,0.42,0,0
TXN-100917,CUST-1004,252.54,POS Swipe,2026-08-11 15:23:32,116,"Tokyo, JP",Grocery & Supermarket,Known Mobile (iOS),0,0,5.98,0,0
TXN-100918,CUST-1082,185.53,Mobile Banking,2026-09-02 11:20:57,34,"London, UK",Utilities & Bills,Known Mobile (Android),57,0,5.25,0,0
TXN-100919,CUST-1022,29.19,POS Swipe,2026-08-14 18:55:13,26,"Sydney, AU",Utilities & Bills,Known Mobile (iOS),27,0,6.56,0,0
TXN-100920,CUST-1291,4431.4,Mobile Banking,2026-09-02 09:01:19,2,"New York, US",Jewelry & Luxury,Known Mobile (iOS),63,0,3.17,0,1
TXN-100921,CUST-1085,426.32,Mobile Banking,2026-10-01 15:18:50,86,"Tokyo, JP",Crypto & Gambling,Known Mobile (Android),0,0,4.99,1,0
TXN-100922,CUST-1156,20.57,POS Swipe,2026-08-21 07:23:13,83,"New York, US",Grocery & Supermarket,New Unrecognized Device,9,0,5.26,0,0
TXN-100923,CUST-1073,392.06,Online Checkout,2026-08-27 07:40:47,88,"Sydney, AU",Restaurants,New Unrecognized Device,22,0,0.78,0,0
TXN-100924,CUST-1286,1944.05,Online Checkout,2026-08-03 17:30:04,94,"Berlin, DE",Jewelry & Luxury,Known Mobile (Android),48,0,4.03,1,0
TXN-100925,CUST-1023,9927.64,Wire Transfer,2026-09-05 18:46:30,26,"Tokyo, JP",Electronics,Known Mobile (iOS),24,0,3.64,0,0
TXN-100926,CUST-1223,13576.4,Wire Transfer,2026-10-02 19:45:54,96,"New York, US",Grocery & Supermarket,Known Mobile (Android),58,0,4.4,0,0
TXN-100927,CUST-1165,122.01,ATM Withdrawal,2026-09-14 12:37:25,48,"Toronto, CA",Grocery & Supermarket,Known Mobile (iOS),63,0,3.32,2,0
TXN-100928,CUST-1071,1636.18,POS Swipe,2026-09-15 16:28:48,70,"Tokyo, JP",Jewelry & Luxury,Known Mobile (iOS),64,0,7.86,0,0
TXN-100929,CUST-1294,2544.45,Online Checkout,2026-08-27 19:25:05,106,"London, UK",Electronics,Known Mobile (Android),5,0,4.65,0,0
TXN-100930,CUST-1379,339.45,Online Checkout,2026-09-12 13:20:46,108,"Sydney, AU",Travel & Airlines,Known Mobile (Android),50,0,2.87,0,0
TXN-100931,CUST-1328,4945.06,Wire Transfer,2026-08-20 19:57:48,25,"Berlin, DE",Restaurants,Rooted/Jailbroken Phone,13,0,7.34,0,1
TXN-100932,CUST-1156,4260.2,Mobile Banking,2026-08-13 22:12:01,3,"New York, US",Electronics,Known Mobile (iOS),9,0,3.68,0,0
TXN-100933,CUST-1006,7749.93,Wire Transfer,2026-09-08 11:23:13,39,"London, UK",Travel & Airlines,Known Mobile (Android),78,0,5.47,3,1
TXN-100934,CUST-1131,915.68,ATM Withdrawal,2026-09-19 18:49:06,55,"Berlin, DE",Travel & Airlines,Known Mobile (Android),62,2,3.1,2,0
TXN-100935,CUST-1130,250.92,POS Swipe,2026-08-11 09:53:45,81,"Moscow, RU",Grocery & Supermarket,Known Desktop (Chrome),30,0,3.81,0,0
TXN-100936,CUST-1232,256.45,Online Checkout,2026-09-22 07:43:08,76,"Tokyo, JP",Utilities & Bills,New Unrecognized Device,56,0,1.53,0,0
TXN-100937,CUST-1275,10458.71,Wire Transfer,2026-08-07 09:07:44,67,"Toronto, CA",Restaurants,Known Mobile (iOS),20,0,4.85,0,1
TXN-100938,CUST-1247,224.54,POS Swipe,2026-08-01 11:47:51,84,"Lagos, NG",Utilities & Bills,Known Mobile (iOS),23,0,6.94,0,0
TXN-100939,CUST-1060,246.85,Online Checkout,2026-08-18 07:38:36,4,"London, UK",Grocery & Supermarket,Known Desktop (Chrome),2,0,7.19,0,0
TXN-100940,CUST-1018,77.09,Online Checkout,2026-09-24 06:05:16,113,High-Risk IP Proxy,Grocery & Supermarket,Known Mobile (Android),31,0,7.02,0,0
TXN-100941,CUST-1229,10671.37,Wire Transfer,2026-09-17 14:30:04,102,"Berlin, DE",Travel & Airlines,Known Mobile (iOS),5,0,1.26,0,1
TXN-100942,CUST-1031,88.96,POS Swipe,2026-08-02 07:42:17,75,"Toronto, CA",Grocery & Supermarket,Known Desktop (Chrome),40,0,6.9,1,0
TXN-100943,CUST-1246,4455.92,Online Checkout,2026-08-23 12:40:40,70,"Tokyo, JP",Electronics,Known Desktop (Chrome),65,0,6.11,0,1
TXN-100944,CUST-1321,481.12,ATM Withdrawal,2026-09-16 21:52:16,53,"New York, US",Grocery & Supermarket,New Unrecognized Device,50,0,5.41,2,0
TXN-100945,CUST-1384,197.57,Mobile Banking,2026-10-01 16:50:32,114,"London, UK",Restaurants,Known Mobile (Android),30,0,2.37,0,0
TXN-100946,CUST-1034,4968.06,Wire Transfer,2026-08-19 19:02:23,36,"London, UK",Grocery & Supermarket,Known Desktop (Chrome),43,0,4.33,0,0
TXN-100947,CUST-1262,133.58,POS Swipe,2026-08-18 13:05:44,63,Domestic Domestic,Travel & Airlines,Known Mobile (Android),8,0,2.22,0,0
TXN-100948,CUST-1161,969.33,Mobile Banking,2026-09-11 21:36:12,45,Domestic Domestic,Jewelry & Luxury,Known Mobile (iOS),52,0,4.82,0,0
TXN-100949,CUST-1072,363.92,ATM Withdrawal,2026-09-07 08:43:23,92,"Toronto, CA",Grocery & Supermarket,Known Desktop (Chrome),74,0,1.03,0,0
TXN-100950,CUST-1307,105.02,ATM Withdrawal,2026-09-13 08:41:51,64,"London, UK",Grocery & Supermarket,Known Desktop (Chrome),72,0,2.8,0,0
TXN-100951,CUST-1193,255.04,ATM Withdrawal,2026-09-20 00:12:51,120,"London, UK",Grocery & Supermarket,New Unrecognized Device,70,0,2.29,0,0
TXN-100952,CUST-1219,8260.73,Wire Transfer,2026-10-02 15:30:27,50,"London, UK",Electronics,Known Mobile (iOS),6,0,0.66,0,1
TXN-100953,CUST-1381,9253.09,Wire Transfer,2026-08-27 04:42:36,8,"New York, US",Grocery & Supermarket,Known Mobile (Android),35,0,2.0,0,0
TXN-100954,CUST-1182,259.2,Mobile Banking,2026-08-20 01:37:20,98,"New York, US",Restaurants,Known Desktop (Chrome),26,0,0.24,0,0
TXN-100955,CUST-1139,533.53,ATM Withdrawal,2026-08-16 07:54:26,29,"New York, US",Travel & Airlines,New Unrecognized Device,28,0,0.13,0,0
TXN-100956,CUST-1198,1042.31,POS Swipe,2026-08-30 07:05:26,92,"London, UK",Jewelry & Luxury,New Unrecognized Device,78,0,0.28,0,0
TXN-100957,CUST-1224,465.64,ATM Withdrawal,2026-09-13 10:31:32,79,"London, UK",Grocery & Supermarket,Known Mobile (iOS),18,0,4.85,0,0
TXN-100958,CUST-1107,33.79,Online Checkout,2026-09-15 12:15:45,38,"Lagos, NG",Grocery & Supermarket,New Unrecognized Device,3,0,4.55,0,0
TXN-100959,CUST-1293,837.73,POS Swipe,2026-09-18 01:27:46,58,"Lagos, NG",Electronics,Known Mobile (iOS),29,0,7.3,0,1
TXN-100960,CUST-1300,8116.18,Wire Transfer,2026-08-26 20:24:23,7,"Sydney, AU",Electronics,New Unrecognized Device,11,0,4.47,0,1
TXN-100961,CUST-1073,392.96,Mobile Banking,2026-09-05 20:11:14,53,"London, UK",Grocery & Supermarket,Known Mobile (iOS),11,0,4.62,0,0
TXN-100962,CUST-1380,84.54,Online Checkout,2026-09-30 21:57:10,31,"New York, US",Department Store,Known Mobile (Android),9,0,0.9,1,0
TXN-100963,CUST-1237,7815.39,Wire Transfer,2026-09-17 18:09:34,120,"New York, US",Utilities & Bills,Known Mobile (iOS),21,0,4.15,0,0
TXN-100964,CUST-1070,115.46,Online Checkout,2026-09-30 08:08:15,111,"Berlin, DE",Grocery & Supermarket,Known Desktop (Chrome),59,0,1.48,0,0
TXN-100965,CUST-1387,293.07,Online Checkout,2026-09-18 07:18:29,68,"Sydney, AU",Utilities & Bills,Known Mobile (Android),69,0,7.12,0,0
TXN-100966,CUST-1311,4827.41,Wire Transfer,2026-09-21 18:33:59,53,"New York, US",Restaurants,Known Mobile (iOS),4,0,4.84,0,0
TXN-100967,CUST-1212,758.33,POS Swipe,2026-09-08 11:20:31,26,"Sydney, AU",Jewelry & Luxury,Known Desktop (Chrome),18,0,4.76,0,0
TXN-100968,CUST-1203,426.74,Online Checkout,2026-08-03 21:57:28,33,"Toronto, CA",Grocery & Supermarket,Known Mobile (Android),26,0,3.38,0,0
TXN-100969,CUST-1052,441.7,Online Checkout,2026-08-07 11:58:24,114,"Berlin, DE",Grocery & Supermarket,Known Mobile (Android),45,0,4.46,0,0
TXN-100970,CUST-1035,1765.01,POS Swipe,2026-08-25 10:32:10,2,Domestic Domestic,Electronics,Known Desktop (Chrome),34,0,4.13,0,0
TXN-100971,CUST-1172,806.26,ATM Withdrawal,2026-09-28 11:20:18,48,"New York, US",Grocery & Supermarket,Known Mobile (iOS),56,0,3.52,0,0
TXN-100972,CUST-1384,9444.68,Wire Transfer,2026-08-09 23:09:59,106,"London, UK",Utilities & Bills,Known Mobile (Android),34,0,6.12,0,1
TXN-100973,CUST-1023,34.47,POS Swipe,2026-08-18 08:36:12,54,"Sydney, AU",Restaurants,Known Mobile (Android),72,0,7.34,0,0
TXN-100974,CUST-1136,1147.69,ATM Withdrawal,2026-08-09 09:58:10,119,"Berlin, DE",Electronics,Known Desktop (Chrome),43,0,7.84,1,0
TXN-100975,CUST-1286,367.64,POS Swipe,2026-09-12 16:20:33,20,"Berlin, DE",Restaurants,Known Mobile (Android),35,0,6.25,0,0
TXN-100976,CUST-1140,102.43,POS Swipe,2026-10-05 10:46:25,7,High-Risk IP Proxy,Grocery & Supermarket,New Unrecognized Device,13,0,4.48,1,0
TXN-100977,CUST-1079,144.71,Mobile Banking,2026-10-04 11:47:25,54,"Toronto, CA",Grocery & Supermarket,Known Mobile (iOS),79,0,7.43,0,0
TXN-100978,CUST-1224,2020.96,POS Swipe,2026-09-25 08:30:01,43,"Moscow, RU",Electronics,Known Mobile (iOS),62,0,3.23,0,1
TXN-100979,CUST-1085,358.15,POS Swipe,2026-09-11 15:54:05,13,"New York, US",Utilities & Bills,Known Mobile (iOS),69,0,7.18,2,0
TXN-100980,CUST-1078,4991.63,Crypto Exchange,2026-08-01 13:02:08,38,Domestic Domestic,Grocery & Supermarket,Known Desktop (Chrome),45,0,0.79,0,0
TXN-100981,CUST-1299,239.11,Online Checkout,2026-08-06 16:52:59,25,"Sydney, AU",Restaurants,Known Desktop (Chrome),62,0,4.79,0,0
TXN-100982,CUST-1146,300.93,Online Checkout,2026-09-29 16:16:10,83,"Sydney, AU",Grocery & Supermarket,Known Mobile (Android),28,0,0.35,1,0
TXN-100983,CUST-1232,317.94,POS Swipe,2026-10-05 10:41:45,105,"London, UK",Restaurants,Known Mobile (iOS),39,0,1.76,0,0
TXN-100984,CUST-1031,2277.97,Wire Transfer,2026-08-16 08:28:08,20,"Sydney, AU",Grocery & Supermarket,Known Mobile (iOS),40,0,5.78,0,0
TXN-100985,CUST-1344,4156.64,Wire Transfer,2026-09-08 21:13:57,61,"Berlin, DE",Grocery & Supermarket,Known Mobile (Android),44,0,0.35,1,0
TXN-100986,CUST-1255,391.32,POS Swipe,2026-09-20 19:55:20,58,"New York, US",Grocery & Supermarket,Rooted/Jailbroken Phone,54,0,7.67,0,1
TXN-100987,CUST-1085,1967.74,Mobile Banking,2026-09-23 07:56:21,19,"New York, US",Electronics,Known Mobile (Android),63,1,7.27,0,0
TXN-100988,CUST-1365,126.68,POS Swipe,2026-09-17 11:06:30,99,"Tokyo, JP",Grocery & Supermarket,Known Mobile (iOS),42,0,6.88,0,0
TXN-100989,CUST-1271,759.77,Crypto Exchange,2026-08-26 12:46:51,6,"Toronto, CA",Utilities & Bills,Known Mobile (Android),68,2,3.71,0,0
TXN-100990,CUST-1033,22.23,POS Swipe,2026-09-23 21:58:56,78,"Toronto, CA",Department Store,Known Desktop (Chrome),28,0,2.47,0,0
TXN-100991,CUST-1297,243.19,Online Checkout,2026-09-03 00:14:02,29,High-Risk IP Proxy,Grocery & Supermarket,Known Mobile (Android),55,0,0.7,1,0
TXN-100992,CUST-1009,1842.27,POS Swipe,2026-09-09 19:42:03,64,Domestic Domestic,Jewelry & Luxury,Known Desktop (Chrome),36,0,6.86,2,1
TXN-100993,CUST-1091,135.08,POS Swipe,2026-08-26 00:27:05,43,"Berlin, DE",Department Store,Known Mobile (iOS),16,0,5.88,0,0
TXN-100994,CUST-1083,59.04,Mobile Banking,2026-08-27 18:23:06,98,"Moscow, RU",Grocery & Supermarket,Known Mobile (Android),70,0,0.7,0,0
TXN-100995,CUST-1123,128.84,Online Checkout,2026-09-04 22:07:48,58,"London, UK",Grocery & Supermarket,Known Desktop (Chrome),68,0,1.06,0,0
TXN-100996,CUST-1048,237.33,POS Swipe,2026-09-19 19:34:16,93,"New York, US",Restaurants,Known Desktop (Chrome),11,2,1.38,0,0
TXN-100997,CUST-1100,3514.57,POS Swipe,2026-09-14 02:54:24,102,"Sydney, AU",Electronics,Known Mobile (Android),51,0,1.6,0,0
TXN-100998,CUST-1035,553.97,Crypto Exchange,2026-08-30 19:59:58,100,"Toronto, CA",Utilities & Bills,Known Mobile (Android),47,0,0.43,0,0
TXN-100999,CUST-1341,2209.42,Mobile Banking,2026-09-13 12:53:00,41,"Tokyo, JP",Electronics,Known Desktop (Chrome),76,0,6.15,0,0
TXN-101000,CUST-1283,374.24,ATM Withdrawal,2026-09-13 07:51:02,101,"Tokyo, JP",Grocery & Supermarket,Known Mobile (iOS),54,0,6.88,0,0
TXN-101001,CUST-1071,879.14,Wire Transfer,2026-09-18 23:17:21,109,"London, UK",Electronics,Known Mobile (Android),9,0,5.94,0,0
TXN-101002,CUST-1095,707.03,ATM Withdrawal,2026-08-18 21:38:38,110,"New York, US",Electronics,Rooted/Jailbroken Phone,42,0,1.08,0,0
TXN-101003,CUST-1026,143.79,Online Checkout,2026-08-11 19:35:59,74,"Lagos, NG",Travel & Airlines,New Unrecognized Device,38,0,3.29,2,0
TXN-101004,CUST-1171,423.15,Online Checkout,2026-08-07 07:06:37,1,"New York, US",Grocery & Supermarket,Known Mobile (Android),46,0,0.94,0,0
TXN-101005,CUST-1127,370.87,Online Checkout,2026-08-22 08:58:36,90,"Tokyo, JP",Travel & Airlines,Known Mobile (iOS),27,0,1.1,0,0
TXN-101006,CUST-1123,6132.4,Crypto Exchange,2026-08-01 17:56:17,74,"Sydney, AU",Utilities & Bills,Known Mobile (iOS),70,0,3.49,0,0
TXN-101007,CUST-1150,5.65,POS Swipe,2026-09-21 22:26:58,75,"London, UK",Crypto & Gambling,New Unrecognized Device,15,0,2.11,0,0
TXN-101008,CUST-1303,352.55,Online Checkout,2026-09-02 17:36:11,105,"Berlin, DE",Electronics,Known Desktop (Chrome),16,0,1.92,0,0
TXN-101009,CUST-1203,70.41,Online Checkout,2026-08-28 10:07:36,1,"Berlin, DE",Utilities & Bills,Known Desktop (Chrome),1,0,2.8,0,0
TXN-101010,CUST-1064,386.86,Mobile Banking,2026-09-11 23:24:42,67,"Berlin, DE",Grocery & Supermarket,Known Mobile (iOS),18,0,2.89,1,0
TXN-101011,CUST-1251,630.31,POS Swipe,2026-09-05 12:16:00,56,"Toronto, CA",Electronics,New Unrecognized Device,7,0,4.24,0,0
TXN-101012,CUST-1146,217.19,Online Checkout,2026-09-24 19:30:50,98,"Toronto, CA",Travel & Airlines,Known Mobile (iOS),28,0,5.54,0,0
TXN-101013,CUST-1083,325.95,POS Swipe,2026-09-26 21:01:49,31,"Berlin, DE",Grocery & Supermarket,Headless Browser / Bot,70,0,7.48,0,0
TXN-101014,CUST-1140,2568.42,Mobile Banking,2026-09-09 18:01:04,73,High-Risk IP Proxy,Electronics,New Unrecognized Device,32,0,6.09,0,1
TXN-101015,CUST-1272,331.02,Mobile Banking,2026-10-03 23:00:09,3,"London, UK",Utilities & Bills,Known Mobile (Android),72,0,3.9,0,0
TXN-101016,CUST-1218,149.5,Online Checkout,2026-09-04 15:40:25,86,"Tokyo, JP",Travel & Airlines,Known Mobile (Android),12,0,5.03,1,0
TXN-101017,CUST-1183,1041.57,POS Swipe,2026-08-31 14:31:14,56,High-Risk IP Proxy,Electronics,Known Mobile (iOS),72,0,1.93,1,1
TXN-101018,CUST-1038,4020.64,Online Checkout,2026-09-26 18:14:47,28,"New York, US",Electronics,Known Mobile (iOS),75,0,7.93,0,0
TXN-101019,CUST-1122,10590.1,Wire Transfer,2026-08-12 19:50:38,69,"Sydney, AU",Department Store,Known Mobile (iOS),60,0,4.37,0,1
TXN-101020,CUST-1251,908.93,ATM Withdrawal,2026-08-28 19:56:21,13,"New York, US",Travel & Airlines,New Unrecognized Device,35,0,5.6,2,0
TXN-101021,CUST-1379,32.27,Online Checkout,2026-08-03 17:12:11,106,"New York, US",Utilities & Bills,Known Desktop (Chrome),25,0,1.66,0,0
TXN-101022,CUST-1317,215.81,Online Checkout,2026-08-16 18:46:13,47,"Berlin, DE",Restaurants,Known Mobile (iOS),55,0,0.6,1,1
TXN-101023,CUST-1192,1307.71,Online Checkout,2026-08-23 17:57:26,14,"New York, US",Jewelry & Luxury,Known Mobile (iOS),53,0,1.91,1,0
TXN-101024,CUST-1285,145.5,Mobile Banking,2026-09-12 20:10:53,77,"Toronto, CA",Travel & Airlines,Rooted/Jailbroken Phone,54,0,6.71,0,0
TXN-101025,CUST-1396,4280.6,Mobile Banking,2026-08-26 12:24:49,69,"Toronto, CA",Electronics,Known Mobile (Android),16,0,1.91,0,0
TXN-101026,CUST-1246,2494.66,POS Swipe,2026-08-18 05:11:34,113,"New York, US",Electronics,New Unrecognized Device,65,0,4.39,0,0
TXN-101027,CUST-1269,44.78,POS Swipe,2026-09-03 09:35:08,106,"New York, US",Grocery & Supermarket,New Unrecognized Device,26,0,6.34,0,0
TXN-101028,CUST-1227,312.44,Online Checkout,2026-08-11 18:20:29,22,"Berlin, DE",Department Store,Known Mobile (iOS),4,0,6.26,0,0
TXN-101029,CUST-1371,399.03,Online Checkout,2026-09-11 08:47:51,82,"Toronto, CA",Electronics,Known Mobile (iOS),12,0,7.16,0,0
TXN-101030,CUST-1310,272.15,Online Checkout,2026-08-20 23:20:24,87,"New York, US",Restaurants,Known Mobile (Android),37,0,0.77,1,0
TXN-101031,CUST-1245,271.65,Online Checkout,2026-08-10 08:52:48,37,"Toronto, CA",Utilities & Bills,Known Mobile (iOS),60,0,3.53,0,1
TXN-101032,CUST-1134,124.89,Mobile Banking,2026-09-18 11:21:05,47,"Sydney, AU",Crypto & Gambling,Known Mobile (iOS),48,0,1.96,0,0
TXN-101033,CUST-1165,187.53,POS Swipe,2026-08-07 11:52:10,101,"Toronto, CA",Utilities & Bills,Known Mobile (Android),5,0,0.52,0,0
TXN-101034,CUST-1286,25.91,POS Swipe,2026-09-15 19:01:49,80,"Sydney, AU",Department Store,New Unrecognized Device,67,0,0.61,0,0
TXN-101035,CUST-1201,115.81,Online Checkout,2026-08-16 20:58:33,95,"New York, US",Travel & Airlines,Known Mobile (iOS),22,0,3.84,1,0
TXN-101036,CUST-1368,807.04,ATM Withdrawal,2026-08-09 12:15:09,87,"New York, US",Utilities & Bills,Known Mobile (Android),37,0,4.22,0,0
TXN-101037,CUST-1153,210.57,Online Checkout,2026-09-01 20:48:45,17,"London, UK",Utilities & Bills,Known Mobile (Android),27,0,7.69,0,0
TXN-101038,CUST-1200,88.2,Online Checkout,2026-09-19 08:48:23,97,"London, UK",Restaurants,Known Mobile (iOS),29,0,3.02,0,0
TXN-101039,CUST-1374,330.2,Online Checkout,2026-08-11 13:19:26,102,"London, UK",Grocery & Supermarket,Known Mobile (Android),67,0,7.35,0,0
TXN-101040,CUST-1285,9766.68,Wire Transfer,2026-08-23 19:17:21,93,Domestic Domestic,Grocery & Supermarket,Known Desktop (Chrome),7,0,2.79,0,0
TXN-101041,CUST-1105,50.47,Mobile Banking,2026-08-27 22:52:22,25,"Tokyo, JP",Crypto & Gambling,Known Mobile (iOS),15,0,1.85,0,0
TXN-101042,CUST-1308,185.22,POS Swipe,2026-09-29 18:50:07,70,"New York, US",Department Store,Known Mobile (iOS),11,0,1.66,0,0
TXN-101043,CUST-1116,386.98,Online Checkout,2026-09-22 20:46:04,11,"Moscow, RU",Travel & Airlines,Known Mobile (Android),41,2,0.85,2,1
TXN-101044,CUST-1369,270.75,Mobile Banking,2026-08-02 00:11:13,106,"New York, US",Restaurants,Known Mobile (Android),42,0,0.98,0,0
TXN-101045,CUST-1126,6180.54,Wire Transfer,2026-09-12 13:44:31,34,"Sydney, AU",Restaurants,Known Mobile (Android),53,0,7.07,0,0
TXN-101046,CUST-1030,16.74,Online Checkout,2026-08-10 19:55:33,82,"Sydney, AU",Grocery & Supermarket,Known Mobile (Android),28,0,4.29,0,0
TXN-101047,CUST-1209,314.46,Online Checkout,2026-08-21 21:38:38,65,"New York, US",Crypto & Gambling,Known Mobile (iOS),43,0,0.83,2,0
TXN-101048,CUST-1151,335.97,Online Checkout,2026-09-22 21:02:53,47,"Berlin, DE",Utilities & Bills,Known Mobile (iOS),63,0,3.49,2,0
TXN-101049,CUST-1050,369.09,Online Checkout,2026-08-17 12:54:01,6,High-Risk IP Proxy,Restaurants,Known Mobile (iOS),26,0,3.24,0,0
TXN-101050,CUST-1198,86.61,Online Checkout,2026-09-28 06:47:13,13,High-Risk IP Proxy,Utilities & Bills,Known Mobile (iOS),43,0,6.56,0,0
TXN-101051,CUST-1249,204.11,POS Swipe,2026-08-19 16:33:53,34,"London, UK",Department Store,Known Mobile (iOS),38,0,0.14,0,0
TXN-101052,CUST-1153,26.13,Online Checkout,2026-08-18 12:13:14,83,"London, UK",Utilities & Bills,Known Mobile (iOS),47,0,5.58,0,0
TXN-101053,CUST-1290,10739.34,Wire Transfer,2026-08-09 19:18:36,24,"Moscow, RU",Utilities & Bills,Known Mobile (Android),32,0,1.41,0,1
TXN-101054,CUST-1321,353.67,POS Swipe,2026-09-18 20:42:18,107,"Toronto, CA",Travel & Airlines,Known Mobile (Android),58,0,4.23,0,0
TXN-101055,CUST-1327,401.29,Mobile Banking,2026-09-01 08:36:06,38,"New York, US",Grocery & Supermarket,Known Mobile (iOS),79,0,6.87,2,0
TXN-101056,CUST-1400,202.9,ATM Withdrawal,2026-08-29 10:09:49,56,"London, UK",Travel & Airlines,New Unrecognized Device,52,0,0.28,0,0
TXN-101057,CUST-1235,1091.27,ATM Withdrawal,2026-08-04 16:11:47,28,"London, UK",Department Store,Known Desktop (Chrome),66,0,2.67,0,0
TXN-101058,CUST-1267,198.2,Online Checkout,2026-08-03 19:18:52,1,"Lagos, NG",Department Store,New Unrecognized Device,15,1,7.23,0,1
TXN-101059,CUST-1076,101.4,POS Swipe,2026-09-15 14:09:27,85,"London, UK",Utilities & Bills,Known Mobile (Android),48,0,5.08,2,0
TXN-101060,CUST-1219,71.28,Online Checkout,2026-08-19 18:51:33,41,"Toronto, CA",Department Store,Known Desktop (Chrome),32,0,6.24,0,0
TXN-101061,CUST-1396,272.17,POS Swipe,2026-10-05 10:57:02,110,"New York, US",Department Store,Known Mobile (Android),28,0,5.37,0,0
TXN-101062,CUST-1200,358.44,Online Checkout,2026-08-08 07:48:24,65,"New York, US",Electronics,Known Mobile (iOS),78,0,7.76,1,0
TXN-101063,CUST-1271,427.49,Online Checkout,2026-09-05 06:40:38,10,"Tokyo, JP",Grocery & Supermarket,Known Mobile (Android),22,0,4.22,1,0
TXN-101064,CUST-1322,67.18,Online Checkout,2026-09-17 09:17:17,3,"Lagos, NG",Grocery & Supermarket,Known Mobile (Android),50,0,5.74,0,1
TXN-101065,CUST-1344,256.61,Online Checkout,2026-08-18 11:35:51,12,"Sydney, AU",Grocery & Supermarket,Known Mobile (Android),60,0,7.39,3,0
TXN-101066,CUST-1399,1706.77,Online Checkout,2026-09-20 21:43:34,34,"New York, US",Jewelry & Luxury,Known Mobile (iOS),29,0,1.15,2,0
TXN-101067,CUST-1206,110.9,Online Checkout,2026-08-11 13:13:54,116,"Lagos, NG",Utilities & Bills,Known Mobile (iOS),20,0,0.99,0,0
TXN-101068,CUST-1343,4331.38,POS Swipe,2026-09-29 13:36:22,49,"New York, US",Jewelry & Luxury,Known Mobile (iOS),69,0,2.19,0,0
TXN-101069,CUST-1073,242.71,Mobile Banking,2026-09-07 14:52:06,56,"London, UK",Department Store,Known Mobile (iOS),26,0,6.67,0,0
TXN-101070,CUST-1238,140.76,ATM Withdrawal,2026-10-03 17:10:58,24,"New York, US",Restaurants,Known Mobile (Android),62,0,4.75,1,0
TXN-101071,CUST-1266,394.26,Mobile Banking,2026-09-23 08:34:21,95,"Tokyo, JP",Utilities & Bills,Known Desktop (Chrome),56,0,3.47,1,0
TXN-101072,CUST-1059,288.31,Mobile Banking,2026-08-23 14:20:26,4,"London, UK",Travel & Airlines,Known Mobile (Android),2,0,5.65,0,0
TXN-101073,CUST-1061,42.54,POS Swipe,2026-08-08 12:31:15,116,"London, UK",Utilities & Bills,Known Mobile (iOS),1,0,0.12,0,0
TXN-101074,CUST-1093,122.88,Online Checkout,2026-09-14 10:10:05,51,"Berlin, DE",Utilities & Bills,Known Mobile (iOS),42,0,3.63,0,0
TXN-101075,CUST-1376,109.67,Online Checkout,2026-08-23 06:36:08,42,"Toronto, CA",Department Store,Known Desktop (Chrome),5,0,4.32,0,0
TXN-101076,CUST-1278,197.75,Online Checkout,2026-08-03 22:08:57,118,"New York, US",Grocery & Supermarket,Known Mobile (iOS),77,0,1.92,1,0
TXN-101077,CUST-1367,5528.3,Wire Transfer,2026-10-04 22:41:08,39,"Lagos, NG",Grocery & Supermarket,Known Desktop (Chrome),65,0,0.62,0,1
TXN-101078,CUST-1260,297.24,POS Swipe,2026-08-05 17:28:05,46,"Moscow, RU",Crypto & Gambling,Known Mobile (Android),57,0,1.65,0,1
TXN-101079,CUST-1141,412.32,POS Swipe,2026-08-10 22:04:46,81,"Berlin, DE",Grocery & Supermarket,Known Mobile (Android),63,0,1.28,0,0
TXN-101080,CUST-1368,3118.17,Mobile Banking,2026-08-17 10:36:12,64,Domestic Domestic,Electronics,Known Mobile (Android),40,0,0.11,0,0
TXN-101081,CUST-1189,304.49,Online Checkout,2026-09-04 20:42:57,112,"London, UK",Department Store,Known Mobile (Android),79,0,3.71,0,0
TXN-101082,CUST-1278,87.63,Online Checkout,2026-09-13 20:17:16,24,"Moscow, RU",Grocery & Supermarket,Known Mobile (Android),25,0,6.63,0,1
TXN-101083,CUST-1350,496.29,POS Swipe,2026-09-04 19:53:55,29,"Tokyo, JP",Jewelry & Luxury,Rooted/Jailbroken Phone,73,0,2.79,0,0
TXN-101084,CUST-1273,942.39,ATM Withdrawal,2026-10-01 08:21:24,22,High-Risk IP Proxy,Jewelry & Luxury,New Unrecognized Device,28,0,1.86,0,1
TXN-101085,CUST-1115,11.96,Mobile Banking,2026-10-04 07:45:25,48,"London, UK",Department Store,Known Mobile (Android),33,1,7.6,0,1
TXN-101086,CUST-1349,271.56,Online Checkout,2026-09-03 09:12:19,81,"Berlin, DE",Restaurants,New Unrecognized Device,73,0,6.68,1,1
TXN-101087,CUST-1361,52.71,POS Swipe,2026-08-31 09:02:05,108,"London, UK",Grocery & Supermarket,Known Mobile (iOS),37,0,2.68,0,0
TXN-101088,CUST-1188,4353.44,Wire Transfer,2026-08-28 19:30:46,109,High-Risk IP Proxy,Electronics,Known Desktop (Chrome),57,0,0.46,2,1
TXN-101089,CUST-1357,238.06,Mobile Banking,2026-08-14 10:49:50,12,"New York, US",Grocery & Supermarket,Known Mobile (Android),78,0,7.98,0,0
TXN-101090,CUST-1310,677.74,ATM Withdrawal,2026-08-17 18:00:17,47,"New York, US",Restaurants,Known Mobile (Android),44,0,7.13,2,0
TXN-101091,CUST-1398,319.22,POS Swipe,2026-08-08 22:55:49,75,"Toronto, CA",Utilities & Bills,Known Mobile (Android),56,0,6.91,0,0
TXN-101092,CUST-1380,278.4,Mobile Banking,2026-09-05 14:21:46,76,"London, UK",Grocery & Supermarket,New Unrecognized Device,78,0,4.07,0,0
TXN-101093,CUST-1043,293.87,ATM Withdrawal,2026-09-24 23:01:08,120,"Tokyo, JP",Restaurants,Known Mobile (iOS),39,0,1.91,0,0
TXN-101094,CUST-1068,3141.16,Wire Transfer,2026-08-15 19:55:20,9,"New York, US",Grocery & Supermarket,Known Mobile (Android),66,0,5.1,0,0
TXN-101095,CUST-1156,325.12,Online Checkout,2026-09-19 11:39:45,63,"New York, US",Department Store,Known Desktop (Chrome),28,0,7.2,0,0
TXN-101096,CUST-1212,246.8,Online Checkout,2026-08-01 07:54:32,95,"Berlin, DE",Restaurants,Known Mobile (iOS),8,0,6.46,0,0
TXN-101097,CUST-1378,2410.22,Online Checkout,2026-08-09 07:38:09,113,"Tokyo, JP",Electronics,Known Mobile (iOS),11,0,5.93,1,1
TXN-101098,CUST-1105,567.83,ATM Withdrawal,2026-09-29 11:34:10,99,"Toronto, CA",Grocery & Supermarket,Known Mobile (iOS),58,0,1.53,0,0
TXN-101099,CUST-1186,7076.81,Wire Transfer,2026-09-04 13:24:09,111,"Toronto, CA",Electronics,Known Mobile (iOS),11,0,6.23,0,0
TXN-101100,CUST-1374,329.1,Online Checkout,2026-08-07 14:11:45,57,High-Risk IP Proxy,Travel & Airlines,Known Mobile (iOS),58,0,1.67,0,0
TXN-101101,CUST-1336,1961.75,Wire Transfer,2026-08-24 22:59:01,42,"New York, US",Jewelry & Luxury,Rooted/Jailbroken Phone,78,0,3.35,0,1
TXN-101102,CUST-1168,13470.56,Wire Transfer,2026-08-10 16:15:35,71,"New York, US",Restaurants,Known Mobile (iOS),46,0,2.03,0,0
TXN-101103,CUST-1158,121.16,Online Checkout,2026-08-16 13:41:29,95,"Sydney, AU",Grocery & Supermarket,Known Mobile (iOS),50,0,7.54,0,0
TXN-101104,CUST-1397,114.69,POS Swipe,2026-08-15 08:28:38,106,"Tokyo, JP",Travel & Airlines,Known Mobile (iOS),73,0,0.65,0,0
TXN-101105,CUST-1240,53.13,ATM Withdrawal,2026-10-03 18:13:31,91,"Lagos, NG",Grocery & Supermarket,Known Mobile (Android),71,0,4.2,0,0
TXN-101106,CUST-1051,4237.81,Online Checkout,2026-09-16 12:50:46,111,"New York, US",Jewelry & Luxury,Known Mobile (iOS),5,0,4.48,0,0
TXN-101107,CUST-1260,32.09,Mobile Banking,2026-09-26 11:13:44,95,"Sydney, AU",Restaurants,Known Desktop (Chrome),45,0,5.14,0,0
TXN-101108,CUST-1385,1048.75,ATM Withdrawal,2026-08-06 09:17:19,31,"Moscow, RU",Travel & Airlines,Known Desktop (Chrome),73,0,3.74,0,0
TXN-101109,CUST-1373,4519.17,Wire Transfer,2026-08-12 01:09:41,74,"New York, US",Department Store,New Unrecognized Device,44,0,0.83,0,0
TXN-101110,CUST-1030,2688.51,Wire Transfer,2026-08-26 21:36:26,61,"New York, US",Utilities & Bills,Known Mobile (Android),77,1,1.25,0,0
TXN-101111,CUST-1107,411.41,Online Checkout,2026-09-28 12:48:42,18,"New York, US",Travel & Airlines,Known Desktop (Chrome),11,0,3.12,0,0
TXN-101112,CUST-1317,366.46,ATM Withdrawal,2026-09-27 07:21:42,96,"Moscow, RU",Utilities & Bills,New Unrecognized Device,25,0,6.0,0,1
TXN-101113,CUST-1195,131.58,POS Swipe,2026-08-02 17:29:41,113,"Berlin, DE",Grocery & Supermarket,Known Mobile (Android),19,0,2.33,0,0
TXN-101114,CUST-1350,91.18,POS Swipe,2026-08-18 21:55:00,74,"Berlin, DE",Department Store,Known Mobile (iOS),36,0,0.24,1,0
TXN-101115,CUST-1180,991.72,ATM Withdrawal,2026-08-09 19:47:41,1,"Tokyo, JP",Jewelry & Luxury,Known Desktop (Chrome),76,0,6.26,0,0
TXN-101116,CUST-1233,400.21,Online Checkout,2026-09-05 08:59:22,71,"London, UK",Grocery & Supermarket,Known Mobile (iOS),16,0,0.31,2,0
TXN-101117,CUST-1014,324.88,Online Checkout,2026-10-01 21:27:07,47,"Berlin, DE",Grocery & Supermarket,Known Mobile (Android),35,0,4.83,0,0
TXN-101118,CUST-1221,395.97,POS Swipe,2026-08-03 12:08:08,111,"London, UK",Utilities & Bills,New Unrecognized Device,43,0,7.63,0,0
TXN-101119,CUST-1004,193.32,Online Checkout,2026-09-06 03:03:07,3,"Berlin, DE",Restaurants,Known Mobile (Android),63,0,6.17,0,0
TXN-101120,CUST-1319,116.74,Online Checkout,2026-09-26 15:49:22,48,"London, UK",Restaurants,New Unrecognized Device,32,0,0.94,1,0
TXN-101121,CUST-1057,3470.98,Online Checkout,2026-08-08 19:51:50,66,"New York, US",Jewelry & Luxury,Known Desktop (Chrome),52,0,0.89,0,0
TXN-101122,CUST-1083,318.42,POS Swipe,2026-08-06 14:33:06,104,"Sydney, AU",Grocery & Supermarket,Known Mobile (iOS),75,0,5.79,3,0
TXN-101123,CUST-1022,138.61,POS Swipe,2026-08-14 09:29:45,30,"London, UK",Department Store,Known Desktop (Chrome),36,0,4.29,0,0
TXN-101124,CUST-1090,18.21,Online Checkout,2026-08-26 02:36:27,24,"London, UK",Restaurants,Known Desktop (Chrome),57,0,3.49,0,0
TXN-101125,CUST-1003,162.19,POS Swipe,2026-08-26 16:10:52,104,"Moscow, RU",Grocery & Supermarket,Known Mobile (iOS),55,0,3.55,0,0
TXN-101126,CUST-1124,370.01,Mobile Banking,2026-09-30 01:03:17,52,"London, UK",Electronics,Rooted/Jailbroken Phone,80,0,6.07,0,1
TXN-101127,CUST-1342,319.84,POS Swipe,2026-09-02 03:47:41,34,"Toronto, CA",Travel & Airlines,New Unrecognized Device,8,0,4.55,0,0
TXN-101128,CUST-1294,2751.01,Online Checkout,2026-09-01 17:45:04,41,"Sydney, AU",Electronics,Known Mobile (Android),64,0,4.76,0,0
TXN-101129,CUST-1203,504.85,ATM Withdrawal,2026-10-03 16:41:04,26,"Toronto, CA",Grocery & Supermarket,Known Mobile (iOS),53,0,4.5,0,0
TXN-101130,CUST-1051,234.35,Online Checkout,2026-10-02 10:03:31,62,"Toronto, CA",Crypto & Gambling,Known Desktop (Chrome),41,0,1.77,0,0
TXN-101131,CUST-1149,3607.96,Wire Transfer,2026-08-15 23:28:51,2,"New York, US",Restaurants,Known Mobile (iOS),55,0,7.65,0,1
TXN-101132,CUST-1277,247.86,Mobile Banking,2026-08-14 06:03:53,21,"Berlin, DE",Utilities & Bills,Known Mobile (Android),80,0,6.81,1,0
TXN-101133,CUST-1043,2872.93,Online Checkout,2026-10-05 15:56:49,75,"London, UK",Electronics,Known Mobile (iOS),56,1,5.87,0,0
TXN-101134,CUST-1261,233.35,Online Checkout,2026-08-10 22:59:25,115,"London, UK",Travel & Airlines,Known Mobile (iOS),15,0,7.05,0,0
TXN-101135,CUST-1293,12517.75,Crypto Exchange,2026-10-04 11:59:00,70,"New York, US",Restaurants,Known Mobile (iOS),5,0,2.63,0,1
TXN-101136,CUST-1289,254.06,Online Checkout,2026-09-21 06:41:42,11,"Moscow, RU",Grocery & Supermarket,Known Mobile (Android),75,0,1.41,0,0
TXN-101137,CUST-1238,952.76,ATM Withdrawal,2026-09-20 15:42:59,109,"Toronto, CA",Travel & Airlines,Known Mobile (iOS),75,0,5.74,0,0
TXN-101138,CUST-1217,52.62,Online Checkout,2026-09-24 04:57:35,83,"New York, US",Grocery & Supermarket,Known Desktop (Chrome),70,0,2.73,0,0
TXN-101139,CUST-1298,1123.96,ATM Withdrawal,2026-09-20 08:40:02,114,"Berlin, DE",Grocery & Supermarket,Known Mobile (Android),78,0,4.42,0,0
TXN-101140,CUST-1137,1347.19,POS Swipe,2026-09-09 08:28:00,20,"Toronto, CA",Electronics,Known Mobile (iOS),45,0,2.02,0,0
TXN-101141,CUST-1001,444.45,POS Swipe,2026-08-29 09:25:34,90,"Toronto, CA",Travel & Airlines,New Unrecognized Device,17,1,3.22,0,0
TXN-101142,CUST-1309,10087.13,Wire Transfer,2026-09-24 01:53:04,12,"London, UK",Jewelry & Luxury,Known Desktop (Chrome),75,0,7.95,0,1
TXN-101143,CUST-1328,676.43,ATM Withdrawal,2026-08-27 18:06:14,28,"Toronto, CA",Grocery & Supermarket,Known Mobile (iOS),23,1,0.45,0,0
TXN-101144,CUST-1171,248.03,ATM Withdrawal,2026-08-03 21:23:58,36,"Sydney, AU",Grocery & Supermarket,Known Mobile (iOS),78,0,2.61,0,0
TXN-101145,CUST-1015,655.12,ATM Withdrawal,2026-09-23 12:04:30,97,"Sydney, AU",Restaurants,New Unrecognized Device,8,0,1.1,0,0
TXN-101146,CUST-1323,378.68,Online Checkout,2026-08-01 20:29:53,71,"New York, US",Crypto & Gambling,Known Mobile (Android),52,0,7.96,0,0
TXN-101147,CUST-1202,13989.49,Wire Transfer,2026-09-03 14:39:42,69,"Berlin, DE",Restaurants,Known Desktop (Chrome),74,0,4.99,0,0
TXN-101148,CUST-1047,165.79,POS Swipe,2026-09-03 23:51:42,7,"New York, US",Travel & Airlines,Known Desktop (Chrome),23,0,5.53,0,0
TXN-101149,CUST-1196,97.18,Mobile Banking,2026-08-06 11:04:30,11,"London, UK",Utilities & Bills,Known Mobile (iOS),76,0,6.19,1,0
TXN-101150,CUST-1211,12201.41,Crypto Exchange,2026-08-17 07:37:16,42,"London, UK",Electronics,Known Mobile (Android),6,0,5.28,0,1
TXN-101151,CUST-1129,356.18,Online Checkout,2026-09-07 21:24:43,111,"London, UK",Restaurants,New Unrecognized Device,78,0,4.03,0,0
TXN-101152,CUST-1008,434.32,Mobile Banking,2026-09-09 10:55:23,63,"Sydney, AU",Grocery & Supermarket,New Unrecognized Device,73,0,7.63,0,0
TXN-101153,CUST-1260,846.71,ATM Withdrawal,2026-08-04 12:15:54,101,"London, UK",Utilities & Bills,New Unrecognized Device,16,0,1.56,0,0
TXN-101154,CUST-1204,12073.78,Wire Transfer,2026-09-14 09:03:00,89,"Moscow, RU",Grocery & Supermarket,New Unrecognized Device,15,0,2.42,2,1
TXN-101155,CUST-1245,13705.42,Wire Transfer,2026-09-30 10:08:48,41,"Berlin, DE",Grocery & Supermarket,Known Mobile (iOS),22,0,7.87,0,0
TXN-101156,CUST-1265,13181.97,Wire Transfer,2026-08-08 00:57:34,2,"New York, US",Travel & Airlines,Headless Browser / Bot,61,0,7.93,0,1
TXN-101157,CUST-1305,194.12,Mobile Banking,2026-09-15 13:50:57,2,"Moscow, RU",Crypto & Gambling,Known Mobile (iOS),52,0,6.84,0,1
TXN-101158,CUST-1057,241.87,Mobile Banking,2026-08-07 09:16:14,95,"Sydney, AU",Grocery & Supermarket,Known Mobile (iOS),44,0,5.86,1,0
TXN-101159,CUST-1180,11410.11,Crypto Exchange,2026-08-22 11:16:32,23,"London, UK",Electronics,Known Mobile (Android),29,0,7.04,0,0
TXN-101160,CUST-1220,4433.56,Online Checkout,2026-09-17 10:29:21,95,"New York, US",Jewelry & Luxury,New Unrecognized Device,14,0,1.63,2,1
TXN-101161,CUST-1276,9801.98,Wire Transfer,2026-10-02 17:39:46,105,Domestic Domestic,Grocery & Supermarket,New Unrecognized Device,50,0,2.02,0,1
TXN-101162,CUST-1285,23.56,POS Swipe,2026-08-22 19:57:30,46,"Berlin, DE",Utilities & Bills,Known Mobile (iOS),8,0,3.16,0,0
TXN-101163,CUST-1326,140.98,Online Checkout,2026-09-19 16:50:14,42,"Berlin, DE",Grocery & Supermarket,Known Mobile (iOS),79,0,2.72,0,0
TXN-101164,CUST-1359,319.84,ATM Withdrawal,2026-08-14 14:45:55,51,"London, UK",Grocery & Supermarket,Known Mobile (Android),8,0,2.83,0,0
TXN-101165,CUST-1185,52.68,Online Checkout,2026-09-24 05:34:13,105,"Toronto, CA",Grocery & Supermarket,Known Mobile (iOS),77,0,3.66,0,0
TXN-101166,CUST-1334,690.12,ATM Withdrawal,2026-09-11 09:38:07,19,"Toronto, CA",Department Store,Known Mobile (Android),32,0,5.91,1,0
TXN-101167,CUST-1301,378.69,POS Swipe,2026-08-20 20:48:44,77,"New York, US",Department Store,Known Mobile (iOS),74,0,6.72,0,0
TXN-101168,CUST-1130,293.67,POS Swipe,2026-08-05 19:55:46,77,"Toronto, CA",Department Store,Known Desktop (Chrome),22,0,7.25,1,0
TXN-101169,CUST-1084,98.49,POS Swipe,2026-08-31 15:06:09,15,Domestic Domestic,Utilities & Bills,Known Mobile (Android),50,0,1.34,1,0
TXN-101170,CUST-1264,2037.77,Mobile Banking,2026-08-28 08:07:02,105,"New York, US",Jewelry & Luxury,Known Mobile (iOS),0,0,5.56,0,1
TXN-101171,CUST-1261,251.1,Mobile Banking,2026-10-01 18:07:00,71,"New York, US",Grocery & Supermarket,Known Mobile (Android),11,0,7.35,0,0
TXN-101172,CUST-1333,390.53,Online Checkout,2026-08-11 15:48:03,101,"Toronto, CA",Grocery & Supermarket,Known Desktop (Chrome),70,0,1.64,0,0
TXN-101173,CUST-1347,1143.95,ATM Withdrawal,2026-08-05 00:46:49,3,"Toronto, CA",Utilities & Bills,New Unrecognized Device,0,0,6.54,2,0
TXN-101174,CUST-1039,542.79,POS Swipe,2026-08-06 12:57:42,50,"London, UK",Electronics,Known Mobile (iOS),50,0,2.46,0,0
TXN-101175,CUST-1116,718.14,Crypto Exchange,2026-08-01 19:34:20,13,"London, UK",Restaurants,New Unrecognized Device,34,0,3.81,0,0
TXN-101176,CUST-1390,239.94,Online Checkout,2026-09-23 14:18:35,19,"London, UK",Utilities & Bills,Known Mobile (Android),51,0,4.89,0,0
TXN-101177,CUST-1286,12736.45,Wire Transfer,2026-08-16 13:43:42,83,"Toronto, CA",Travel & Airlines,Known Mobile (Android),47,0,3.49,0,0
TXN-101178,CUST-1012,6012.04,Wire Transfer,2026-08-31 07:05:08,56,"Lagos, NG",Utilities & Bills,Known Mobile (Android),80,0,4.52,1,1
TXN-101179,CUST-1041,7178.27,Wire Transfer,2026-08-01 18:57:36,48,"Moscow, RU",Department Store,Known Desktop (Chrome),46,0,2.58,2,1
TXN-101180,CUST-1362,1902.24,Online Checkout,2026-08-18 13:24:38,24,"Sydney, AU",Electronics,Known Desktop (Chrome),70,0,0.83,0,0
TXN-101181,CUST-1137,51.83,Online Checkout,2026-08-19 15:30:21,66,"Toronto, CA",Grocery & Supermarket,Known Desktop (Chrome),33,0,2.99,1,0
TXN-101182,CUST-1349,150.26,Online Checkout,2026-10-02 19:02:20,56,"Sydney, AU",Electronics,Known Desktop (Chrome),18,0,6.97,0,0
TXN-101183,CUST-1376,446.39,Online Checkout,2026-09-21 09:45:57,44,"London, UK",Department Store,Known Mobile (Android),27,0,2.3,1,0
TXN-101184,CUST-1287,2475.62,Wire Transfer,2026-09-05 00:05:31,67,"Berlin, DE",Restaurants,Known Mobile (Android),20,0,5.76,0,0
TXN-101185,CUST-1200,276.64,Mobile Banking,2026-09-17 00:04:03,101,"London, UK",Travel & Airlines,Known Desktop (Chrome),7,0,4.64,3,0
TXN-101186,CUST-1056,976.01,Crypto Exchange,2026-08-12 10:27:05,96,"Lagos, NG",Utilities & Bills,Known Mobile (iOS),56,0,4.6,0,0
TXN-101187,CUST-1221,10637.34,Wire Transfer,2026-08-02 00:30:16,116,"Berlin, DE",Department Store,Known Mobile (iOS),64,0,2.57,0,0
TXN-101188,CUST-1291,331.05,POS Swipe,2026-09-22 15:36:13,111,"Tokyo, JP",Grocery & Supermarket,Known Mobile (Android),35,1,6.15,0,0
TXN-101189,CUST-1264,349.73,Mobile Banking,2026-09-30 09:19:51,69,"New York, US",Restaurants,Known Desktop (Chrome),9,0,2.73,0,0
TXN-101190,CUST-1207,155.14,Online Checkout,2026-08-24 06:57:18,28,Domestic Domestic,Utilities & Bills,Known Desktop (Chrome),56,0,6.14,1,0
TXN-101191,CUST-1216,419.27,POS Swipe,2026-09-21 20:34:27,5,"Sydney, AU",Grocery & Supermarket,Known Mobile (Android),28,1,7.97,1,0
TXN-101192,CUST-1091,202.73,POS Swipe,2026-08-30 11:51:58,81,High-Risk IP Proxy,Grocery & Supermarket,New Unrecognized Device,69,0,2.74,0,1
TXN-101193,CUST-1185,1561.8,POS Swipe,2026-09-12 11:23:25,21,"New York, US",Jewelry & Luxury,Known Desktop (Chrome),76,0,7.5,1,1
TXN-101194,CUST-1323,14801.06,Wire Transfer,2026-08-04 17:38:06,114,"New York, US",Department Store,Headless Browser / Bot,59,0,7.54,0,1
TXN-101195,CUST-1169,1119.96,ATM Withdrawal,2026-09-26 17:03:43,90,"New York, US",Travel & Airlines,Known Mobile (Android),79,0,1.95,1,0
TXN-101196,CUST-1043,12969.01,Wire Transfer,2026-08-01 20:42:08,24,"London, UK",Grocery & Supermarket,Known Desktop (Chrome),72,0,7.7,0,1
TXN-101197,CUST-1164,19.24,Online Checkout,2026-08-28 20:59:11,117,"Lagos, NG",Department Store,Known Desktop (Chrome),75,0,5.11,0,1
TXN-101198,CUST-1253,3048.96,Online Checkout,2026-09-26 17:54:08,60,"Toronto, CA",Electronics,Known Mobile (Android),75,0,5.19,1,0
TXN-101199,CUST-1202,195.64,Online Checkout,2026-08-28 22:49:46,2,"New York, US",Restaurants,Known Mobile (iOS),35,0,7.51,1,0
TXN-101200,CUST-1390,1655.57,Online Checkout,2026-08-10 14:40:39,117,"New York, US",Jewelry & Luxury,Known Desktop (Chrome),78,0,1.48,0,0
